policy,ticket_index,time_h,std_open,max_open,min_open,jain_utilisation,max_utilisation
random,1,0.003,0.3307,1,0,0.125,0.0909
random,2,0.041,0.433,1,0,0.25,0.0909
random,3,0.042,0.4841,1,0,0.3744,0.0909
random,4,0.048,0.5,1,0,0.4941,0.1111
random,5,0.076,0.7071,2,0,0.3042,0.2222
random,6,0.119,0.696,2,0,0.4075,0.2222
random,7,0.165,0.8292,2,0,0.4346,0.2222
random,8,0.177,0.7806,2,0,0.5313,0.2222
random,9,0.178,1,3,0,0.4507,0.3333
random,10,0.213,1.118,3,0,0.4142,0.3333
random,11,0.249,1.3636,4,0,0.3662,0.4444
random,12,0.368,1.0533,3,0,0.5144,0.3333
random,13,0.409,1.299,4,0,0.4507,0.4444
random,14,0.437,1.4087,4,0,0.4672,0.4444
random,15,0.533,1.4087,4,0,0.4679,0.4444
random,16,0.536,1.4142,4,0,0.5087,0.4444
random,17,0.541,1.4948,4,0,0.5268,0.4444
random,18,0.555,1.6394,4,0,0.5261,0.4444
random,19,0.566,1.8329,5,0,0.5129,0.4545
random,20,0.568,2,5,0,0.4895,0.5556
random,21,0.771,1.8998,5,0,0.4745,0.5556
random,22,0.804,1.8028,5,0,0.5233,0.5556
random,23,0.807,1.7633,5,0,0.5606,0.5556
random,24,0.824,1.6394,5,1,0.6159,0.5556
random,25,0.889,1.4524,5,1,0.6298,0.5556
random,26,0.893,1.7139,6,1,0.5727,0.6667
random,27,0.937,1.7854,6,1,0.5611,0.6667
random,28,1.071,1.479,5,1,0.653,0.5556
random,29,1.143,1.6536,5,1,0.6401,0.5556
random,30,1.16,1.6583,5,1,0.6644,0.5556
random,31,1.189,1.5762,5,1,0.7024,0.5556
random,32,1.211,1.5612,5,1,0.7266,0.5556
random,33,1.218,1.7633,6,1,0.7048,0.5556
random,34,1.241,1.7633,6,1,0.7048,0.5556
random,35,1.32,1.479,5,1,0.773,0.4545
random,36,1.329,1.536,5,1,0.781,0.4545
random,37,1.35,1.7321,6,1,0.7542,0.5455
random,38,1.377,1.8329,6,1,0.7541,0.5455
random,39,1.387,1.8329,6,1,0.7617,0.5
random,40,1.39,1.9203,6,1,0.7416,0.5556
random,41,1.403,1.7984,6,1,0.779,0.5556
random,42,1.421,1.9365,6,1,0.748,0.6667
random,43,1.428,1.9325,6,1,0.7639,0.6667
random,44,1.457,2.0463,6,1,0.7581,0.6667
random,45,1.518,1.9843,6,1,0.7665,0.6667
random,46,1.531,1.854,6,1,0.7839,0.6667
random,47,1.538,2.0272,7,1,0.769,0.6667
random,48,1.58,2.1794,7,1,0.7411,0.7778
random,49,1.587,2.2044,7,1,0.7518,0.7778
random,50,1.606,2.0879,7,1,0.7875,0.6667
random,51,1.63,2.0272,7,1,0.7965,0.6667
random,52,1.636,1.9645,6,1,0.8098,0.6667
random,53,1.766,1.9645,6,1,0.7847,0.6667
random,54,1.787,1.8028,6,2,0.825,0.6667
random,55,1.787,1.691,6,2,0.85,0.6667
random,56,1.883,1.9365,7,1,0.8222,0.5833
random,57,1.911,2.0879,7,1,0.8076,0.6364
random,58,1.947,2.0272,7,1,0.8156,0.6364
random,59,1.979,2.1213,7,1,0.7723,0.6667
random,60,1.989,2.2604,7,1,0.7676,0.6667
random,61,2.007,2.2604,7,1,0.7671,0.6667
random,62,2.051,2.2604,7,1,0.7671,0.6667
random,63,2.06,2.3318,7,1,0.7707,0.6667
random,64,2.083,2.4969,8,1,0.7622,0.6667
random,65,2.145,2.5372,7,1,0.7267,0.7778
random,66,2.148,2.6428,7,1,0.7273,0.7778
random,67,2.199,2.6897,8,1,0.7172,0.7778
random,68,2.243,2.8284,8,1,0.714,0.7778
random,69,2.311,2.7811,8,1,0.7065,0.7778
random,70,2.316,2.6897,8,1,0.7217,0.7778
random,71,2.325,2.5981,8,1,0.7458,0.7778
random,72,2.341,2.4463,8,2,0.7831,0.7778
random,73,2.358,2.5464,9,2,0.7882,0.75
random,74,2.396,2.4367,9,2,0.8118,0.75
random,75,2.415,2.315,9,2,0.8362,0.75
random,76,2.501,2,8,2,0.8567,0.6667
random,77,2.509,2.1759,8,2,0.8403,0.7273
random,78,2.592,2.222,8,2,0.8449,0.7273
random,79,2.598,2.315,8,2,0.8439,0.7273
random,80,2.608,2.3684,9,2,0.8318,0.8182
random,81,2.619,2.315,9,2,0.8255,0.8182
random,82,2.703,2.222,9,2,0.8252,0.8182
random,83,2.753,2.2326,9,2,0.827,0.8182
random,84,2.811,2.5951,10,2,0.7767,0.9091
random,85,2.814,2.6339,10,2,0.7723,0.9091
random,86,2.857,2.5981,10,2,0.7727,0.9091
random,87,2.868,2.5464,10,2,0.7904,0.9091
random,88,2.869,2.681,10,2,0.7848,0.9091
random,89,2.983,2.7811,10,2,0.7606,0.9091
random,90,3.034,2.7726,10,2,0.7729,0.9091
random,91,3.066,2.9974,10,1,0.734,0.9091
random,92,3.086,3.0311,10,1,0.7413,0.9091
random,93,3.106,2.8913,10,2,0.7715,0.9091
random,94,3.121,2.958,10,2,0.7737,0.9091
random,95,3.15,3.0182,9,1,0.7536,0.8182
random,96,3.219,2.9047,9,1,0.7573,0.8182
random,97,3.233,3.1125,9,1,0.7288,0.8182
random,98,3.308,3.0388,9,1,0.7268,0.8182
random,99,3.347,2.8723,8,1,0.743,0.7273
random,100,3.35,3.0388,9,1,0.7322,0.75
random,101,3.397,2.9047,9,1,0.7694,0.75
random,102,3.436,2.8035,9,1,0.7936,0.75
random,103,3.453,2.9155,9,1,0.7893,0.75
random,104,3.456,3.0593,9,1,0.7763,0.8182
random,105,3.491,3.1918,9,1,0.7702,0.8182
random,106,3.519,3.238,9,1,0.7743,0.8182
random,107,3.541,3.1991,9,1,0.7788,0.8182
random,108,3.564,3.3166,9,1,0.7745,0.8182
random,109,3.566,3.4618,10,1,0.7671,0.8333
random,110,3.649,3.3819,9,0,0.7451,0.8182
random,111,3.691,3.6315,10,0,0.7104,0.9091
random,112,3.732,3.4911,10,0,0.7261,0.9091
random,113,3.735,3.6721,11,0,0.7113,1
random,114,3.756,3.7417,11,0,0.7141,1
random,115,3.761,3.6056,11,0,0.726,1
random,116,3.764,3.706,11,0,0.7254,1
random,117,3.772,3.7997,11,0,0.7254,1
random,118,3.831,3.6891,11,0,0.75,1
random,119,3.864,3.5969,11,0,0.7501,1
random,120,3.906,3.5156,11,0,0.7668,1
random,121,3.921,3.5156,11,0,0.7668,1
random,122,3.939,3.6056,11,0,0.767,1
random,123,3.962,3.551,11,1,0.7679,1
random,124,4.012,3.4641,11,1,0.7855,1
random,125,4.016,3.5,11,1,0.7819,1
random,126,4.042,3.6891,12,1,0.7672,1.0909
random,127,4.069,3.6315,12,1,0.7772,1.0909
random,128,4.078,3.7728,12,1,0.7725,1.0909
random,129,4.082,3.7997,13,1,0.757,1.1818
random,130,4.134,3.7997,13,1,0.757,1.1818
random,131,4.136,3.9922,14,1,0.7345,1.2727
random,132,4.143,4.0292,14,1,0.74,1.2727
random,133,4.174,4.1533,14,1,0.7377,1.2727
random,134,4.178,4.2993,14,1,0.7334,1.2727
random,135,4.261,4.2647,14,1,0.74,1.2727
random,136,4.267,4.3139,14,1,0.744,1.2727
random,137,4.275,4.4721,14,1,0.739,1.2727
random,138,4.301,4.4721,14,1,0.739,1.2727
random,139,4.354,4.4441,14,1,0.7451,1.2727
random,140,4.384,4.6904,14,1,0.7246,1.2727
random,141,4.407,4.3589,14,2,0.7539,1.2727
random,142,4.418,4.3589,14,2,0.7579,1.1818
random,143,4.485,4.3139,14,2,0.754,1.1818
random,144,4.515,4.5,14,2,0.7421,1.2727
random,145,4.569,4.7021,15,2,0.7291,1.3636
random,146,4.574,4.7811,15,1,0.7214,1.3636
random,147,4.637,4.3589,14,1,0.7502,1.2727
random,148,4.67,4.1533,13,1,0.7668,1.1818
random,149,4.684,4.106,13,1,0.7739,1.1818
random,150,4.734,4.1363,14,1,0.7678,1.2727
random,151,4.757,4.1155,14,1,0.7704,1.2727
random,152,4.791,4.1212,14,1,0.7724,1.2727
random,153,4.849,4.1231,13,1,0.7528,1.1818
random,154,4.872,4.1665,13,1,0.7509,1.1818
random,155,4.916,4.3999,14,1,0.7342,1.1818
random,156,4.933,4.4088,14,1,0.734,1.1818
random,157,4.936,4.2702,14,1,0.7523,1.1818
random,158,4.979,4.3517,14,1,0.739,1.1818
random,159,5.001,4.5535,15,1,0.733,1.25
random,160,5.104,4.6368,15,1,0.7112,1.25
random,161,5.122,4.5672,15,1,0.7245,1.25
random,162,5.122,4.7893,16,1,0.7164,1.3333
random,163,5.231,4.6216,15,1,0.7133,1.25
random,164,5.279,4.8589,15,0,0.6839,1.25
random,165,5.356,4.8718,15,0,0.6605,1.25
random,166,5.386,5.0249,16,0,0.6565,1.3333
random,167,5.43,4.9497,15,0,0.6598,1.25
random,168,5.432,4.9734,15,0,0.6597,1.25
random,169,5.459,5.0498,15,0,0.6445,1.25
random,170,5.487,4.899,15,1,0.658,1.25
random,171,5.506,5.0729,15,1,0.651,1.2727
random,172,5.513,5.2856,16,1,0.644,1.3333
random,173,5.516,5.4025,16,0,0.6331,1.3333
random,174,5.519,5.5776,16,0,0.6267,1.3636
random,175,5.531,5.7663,16,0,0.6194,1.4545
random,176,5.532,5.6885,16,0,0.6336,1.4545
random,177,5.542,5.5326,16,0,0.6379,1.4545
random,178,5.693,5,15,1,0.6737,1.2727
random,179,5.753,4.8589,15,1,0.6786,1.25
random,180,5.811,4.8718,15,0,0.6605,1.25
random,181,5.836,5.172,16,0,0.6287,1.3333
random,182,5.856,4.9749,16,0,0.6456,1.3333
random,183,5.877,4.9734,16,0,0.655,1.3333
random,184,5.878,4.9434,16,0,0.6656,1.3333
random,185,5.878,4.9355,16,0,0.6729,1.3333
random,186,5.953,4.7893,15,0,0.6654,1.25
random,187,5.981,4.5484,15,0,0.6857,1.25
random,188,6.049,4.3283,15,0,0.6876,1.25
random,189,6.138,4.3589,15,0,0.6899,1.25
random,190,6.158,4.4141,15,0,0.689,1.25
random,191,6.158,4.4931,15,0,0.6805,1.25
random,192,6.172,4.3804,14,0,0.6745,1.375
random,193,6.176,4.5484,15,0,0.6685,1.375
random,194,6.183,4.6754,15,0,0.6551,1.5
random,195,6.189,4.8218,15,0,0.6406,1.625
random,196,6.253,4.0601,13,1,0.677,1.5
random,197,6.269,3.8058,12,1,0.6923,1.5
random,198,6.269,3.8324,12,1,0.699,1.5
random,199,6.294,4.085,13,1,0.6665,1.625
random,200,6.298,4.0755,13,1,0.6761,1.625
random,201,6.363,3.7081,12,1,0.6942,1.5
random,202,6.406,3.6401,12,1,0.699,1.5
random,203,6.428,3.6742,13,1,0.6771,1.625
random,204,6.448,3.8385,13,1,0.6771,1.625
random,205,6.562,3.5969,12,1,0.6847,1.5
random,206,6.571,3.7333,12,1,0.6772,1.5
random,207,6.601,3.7728,12,1,0.6835,1.5
random,208,6.618,3.4978,12,1,0.7004,1.5
random,209,6.698,3.551,12,1,0.678,1.5
random,210,6.698,3.7333,12,1,0.6765,1.5
random,211,6.701,3.935,13,1,0.6541,1.625
random,212,6.713,3.8406,13,1,0.6699,1.625
random,213,6.751,4.1533,14,1,0.6321,1.75
random,214,6.782,4.1514,14,1,0.6401,1.75
random,215,6.814,4.1514,14,1,0.6401,1.75
random,216,6.836,3.9031,13,1,0.6727,1.625
random,217,6.871,3.9686,13,1,0.661,1.625
random,218,6.939,3.935,13,1,0.6541,1.625
random,219,6.953,3.7728,12,1,0.6828,1.5
random,220,6.971,3.6034,12,1,0.6903,1.5
random,221,7.033,3.3072,11,1,0.7136,1.375
random,222,7.057,3.5156,12,1,0.6702,1.5
random,223,7.109,3.5707,12,1,0.6568,1.5
random,224,7.131,3.5,12,2,0.6625,1.5
random,225,7.164,3.5707,12,1,0.6568,1.5
random,226,7.167,3.4278,12,1,0.6652,1.5
random,227,7.203,3.5156,12,1,0.6702,1.5
random,228,7.233,3.4437,12,1,0.6754,1.5
random,229,7.246,3.562,12,1,0.6783,1.5
random,230,7.345,3.3166,11,1,0.6992,1.375
random,231,7.371,3.1795,11,1,0.7189,1.375
random,232,7.396,3.0999,11,1,0.7226,1.375
random,233,7.431,2.9155,10,1,0.7464,1.25
random,234,7.469,3.0182,10,1,0.7472,1.25
random,235,7.59,3.1623,10,1,0.7269,1.25
random,236,7.594,3.2954,10,1,0.7253,1.25
random,237,7.601,3.3072,10,1,0.7341,1.25
random,238,7.638,3.3448,10,1,0.7254,1.25
random,239,7.704,3.14,10,1,0.7302,1.25
random,240,7.798,2.7128,10,1,0.7502,1.25
random,241,7.829,2.619,10,1,0.7579,1.25
random,242,7.841,2.6926,10,1,0.755,1.25
random,243,7.918,2.7585,10,1,0.7406,1.25
random,244,7.953,2.9974,10,1,0.711,1.25
random,245,7.979,3.0414,11,1,0.6753,1.375
random,246,7.986,3.2763,12,1,0.6489,1.5
random,247,8.048,3.0388,11,1,0.6645,1.375
random,248,8.058,3.1623,11,1,0.6679,1.375
random,249,8.082,2.9974,11,2,0.6911,1.375
random,250,8.118,3.0721,11,2,0.6905,1.375
random,251,8.149,2.8174,10,2,0.729,1.25
random,252,8.153,2.6663,10,2,0.7497,1.25
random,253,8.157,2.6458,10,2,0.7606,1.25
random,254,8.164,2.8477,11,2,0.7355,1.375
random,255,8.189,2.8174,11,2,0.7467,1.375
random,256,8.241,2.7272,11,2,0.7524,1.375
random,257,8.269,2.9047,11,2,0.7341,1.375
random,258,8.324,2.619,10,3,0.7634,1.25
random,259,8.392,2.4206,10,3,0.7849,1.25
random,260,8.399,2.4367,10,3,0.7929,1.25
random,261,8.41,2.5951,10,3,0.7924,1.25
random,262,8.411,2.5,10,3,0.8063,1.25
random,263,8.46,2.586,11,3,0.8147,1.125
random,264,8.474,2.6428,11,3,0.8106,1.125
random,265,8.508,2.9047,11,2,0.7738,1.125
random,266,8.515,2.9128,11,2,0.7821,1.125
random,267,8.529,2.8174,11,2,0.7971,1
random,268,8.535,2.9047,11,2,0.7899,1
random,269,8.667,3.2016,11,1,0.7325,1.125
random,270,8.712,3.0182,11,1,0.7538,1
random,271,8.764,3.1623,11,1,0.7408,1.1111
random,272,8.768,3.14,11,1,0.7514,1.1111
random,273,8.791,3.0182,11,1,0.7733,1.1111
random,274,8.843,2.6926,10,1,0.7999,1
random,275,8.869,2.8477,10,1,0.7787,1
random,276,8.877,2.8723,10,1,0.7848,1
random,277,8.982,3.0721,10,0,0.7498,1
random,278,9.013,2.7811,9,0,0.775,1
random,279,9.071,2.6897,9,0,0.7946,0.8889
random,280,9.074,2.7272,9,0,0.7869,0.8889
random,281,9.085,2.5372,8,0,0.801,0.8889
random,282,9.101,2.619,8,0,0.8019,0.8889
random,283,9.133,2.586,8,0,0.7967,0.8889
random,284,9.143,2.7128,9,0,0.7841,1
random,285,9.152,2.6926,9,0,0.7947,1
random,286,9.205,2.681,9,0,0.7911,1
random,287,9.211,2.8035,9,0,0.791,1
random,288,9.263,3.0593,10,0,0.7711,1
random,289,9.323,3.12,10,0,0.755,1
random,290,9.333,3.1125,10,0,0.7569,1
random,291,9.4,3.0797,11,0,0.7563,0.9167
random,292,9.417,3.1225,11,0,0.7625,0.9167
random,293,9.472,2.9896,10,0,0.7208,0.8333
random,294,9.53,2.9765,10,0,0.7342,0.8333
random,295,9.55,2.8477,10,0,0.7502,0.8333
random,296,9.551,2.9155,10,0,0.7545,0.8333
random,297,9.575,2.8284,9,0,0.7634,0.7778
random,298,9.626,2.9342,9,0,0.7497,0.8889
random,299,9.644,2.9342,9,0,0.7497,0.8889
random,300,9.769,3.14,9,0,0.7177,0.7778
random,301,9.876,2.7811,8,0,0.7191,0.6667
random,302,9.88,2.958,9,0,0.712,0.75
random,303,9.881,3.0388,9,0,0.7038,0.7778
random,304,9.898,2.9896,9,0,0.7216,0.7778
random,305,9.898,2.8477,9,0,0.7502,0.7778
random,306,9.924,2.7726,9,0,0.7701,0.75
random,307,9.931,2.7585,9,0,0.7816,0.75
random,308,9.974,2.6663,9,0,0.792,0.75
random,309,9.98,2.619,9,0,0.7951,0.75
random,310,9.984,2.6926,9,0,0.7974,0.75
random,311,9.989,2.7585,9,0,0.7974,0.75
random,312,9.997,2.5372,9,1,0.8328,0.75
random,313,10.028,2.1651,8,2,0.8715,0.6667
random,314,10.089,1.9961,8,2,0.8956,0.6667
random,315,10.137,1.7633,7,2,0.8974,0.6667
random,316,10.171,1.6154,7,2,0.9176,0.5833
random,317,10.178,1.6583,7,2,0.9062,0.6667
random,318,10.247,1.8329,8,2,0.8987,0.6667
random,319,10.248,1.7854,8,2,0.8966,0.6667
random,320,10.282,1.7854,8,2,0.8966,0.6667
random,321,10.34,1.854,8,2,0.8874,0.6667
random,322,10.356,1.9325,8,2,0.8889,0.6667
random,323,10.362,1.8028,8,2,0.9065,0.6667
random,324,10.408,1.8666,8,2,0.894,0.6667
random,325,10.414,2,8,2,0.8908,0.6667
random,326,10.465,1.9961,8,2,0.9011,0.6667
random,327,10.487,1.9365,8,2,0.9065,0.6667
random,328,10.565,1.9645,8,1,0.8956,0.6667
random,329,10.569,1.9365,7,1,0.8862,0.6364
random,330,10.571,2.0879,8,1,0.8748,0.7273
random,331,10.586,2.222,8,1,0.87,0.7273
random,332,10.588,1.9961,8,2,0.9008,0.7273
random,333,10.591,2.1794,9,2,0.8862,0.8182
random,334,10.608,2.1176,9,2,0.8883,0.8182
random,335,10.613,2.1065,9,2,0.8812,0.8182
random,336,10.727,2.315,10,2,0.8676,0.9091
random,337,10.765,2.1213,9,2,0.8698,0.75
random,338,10.818,2.1176,9,2,0.8488,0.875
random,339,10.823,2.0616,9,2,0.8609,0.875
random,340,10.869,2.1794,9,2,0.8481,0.875
random,341,10.921,2.5464,9,2,0.783,1
random,342,10.968,2.5951,9,2,0.7981,0.875
random,343,11.066,2.1469,8,2,0.7769,1
random,344,11.08,2.1213,8,2,0.79,1
random,345,11.097,2,8,2,0.8027,1
random,346,11.112,2.2044,9,2,0.7673,1.125
random,347,11.187,2.3979,10,2,0.7132,1.25
random,348,11.203,2.4495,10,2,0.7093,1.25
random,349,11.218,2.4206,10,2,0.723,1.25
random,350,11.282,2.4495,10,2,0.7093,1.25
random,351,11.287,2.3684,10,2,0.727,1.25
random,352,11.291,2.2776,10,2,0.7446,1.25
random,353,11.307,2.3947,10,2,0.7477,1.25
random,354,11.355,2.4495,10,2,0.753,1.25
random,355,11.412,2.6458,10,2,0.737,1.25
random,356,11.454,2.6458,10,2,0.737,1.25
random,357,11.473,2.6428,10,2,0.7477,1.25
random,358,11.474,2.5372,10,2,0.7652,1.25
random,359,11.48,2.4875,10,2,0.7666,1.25
random,360,11.547,2.2776,9,2,0.801,1.125
random,361,11.595,2.4875,9,1,0.7854,1.125
random,362,11.63,2.4463,9,1,0.8229,0.75
random,363,11.638,2.6458,10,1,0.8145,0.8333
random,364,11.639,2.5951,10,1,0.828,0.8333
random,365,11.759,2.7128,9,1,0.7594,0.875
random,366,11.786,2.5372,9,2,0.7872,0.875
random,367,11.791,2.5464,9,2,0.7965,0.875
random,368,11.849,2.7585,8,1,0.7554,0.875
random,369,11.919,2.8035,8,1,0.7496,0.875
random,370,11.944,2.8035,8,1,0.729,1
random,371,11.972,2.619,8,1,0.7522,1
random,372,11.997,2.7128,9,1,0.7409,1
random,373,12.037,2.7726,9,1,0.747,1
random,374,12.043,2.9554,10,1,0.7388,1
random,375,12.08,2.7272,10,1,0.7676,0.9091
random,376,12.091,2.9554,11,1,0.7532,1
random,377,12.091,3.2016,12,1,0.7371,1.0909
random,378,12.111,3.2763,12,1,0.7409,1.0909
random,379,12.141,3.3072,12,1,0.7482,1.0909
random,380,12.152,3.4073,12,1,0.7493,1.0909
random,381,12.163,3.2404,12,2,0.7744,1.0909
random,382,12.191,3.2016,12,2,0.7776,1.0909
random,383,12.197,3.4437,13,2,0.7617,1.1818
random,384,12.235,3.5355,13,2,0.7462,1.1818
random,385,12.235,3.586,13,2,0.7512,1.1818
random,386,12.271,3.3912,13,2,0.7713,1.1818
random,387,12.348,3.3331,13,2,0.7833,1.1818
random,388,12.383,3.1918,13,3,0.8047,1.1818
random,389,12.388,3.12,13,3,0.8186,1.1818
random,390,12.546,2.7811,11,3,0.8198,1
random,391,12.563,2.681,11,3,0.8375,1
random,392,12.566,2.6663,11,3,0.8401,1
random,393,12.632,2.6663,11,3,0.8401,1
random,394,12.679,3.0593,12,2,0.7992,1.0909
random,395,12.696,3.0414,12,2,0.8001,1.0909
random,396,12.744,3.0593,12,2,0.8071,1.0909
random,397,12.76,2.9047,12,3,0.8288,1.0909
random,398,12.821,3.0721,12,3,0.8153,1.0909
random,399,12.83,3.3143,13,3,0.7987,1.1818
random,400,12.916,3.3448,12,2,0.7917,1.0909
random,401,12.921,3.3518,12,2,0.7886,1.0909
random,402,13.097,3.2692,12,2,0.766,1.0909
random,403,13.214,3.0388,11,2,0.7825,1
random,404,13.224,3.0721,11,2,0.7747,1
random,405,13.248,2.7726,10,2,0.8046,0.9091
random,406,13.277,2.8174,10,2,0.8008,0.9091
random,407,13.321,2.8174,10,2,0.8038,0.9091
random,408,13.326,3.0182,11,2,0.791,1
random,409,13.357,3.14,12,2,0.7757,1.0909
random,410,13.359,3.2016,12,2,0.7637,1.0909
random,411,13.383,3.0593,12,2,0.7638,1.0909
random,412,13.407,3.3166,13,2,0.7485,1.1818
random,413,13.451,3.2954,13,2,0.756,1.1818
random,414,13.505,3.0414,12,2,0.7705,1.0909
random,415,13.517,3.0593,12,2,0.7722,1.0909
random,416,13.525,3.14,12,2,0.7586,1.0909
random,417,13.55,2.9896,12,2,0.7792,1.0909
random,418,13.575,2.9765,12,2,0.7711,1.0909
random,419,13.576,3.2307,13,2,0.7583,1.1818
random,420,13.668,3.0999,13,3,0.7728,1.1818
random,421,13.685,3.0822,13,3,0.7654,1.1818
random,422,13.711,3.14,13,3,0.757,1.1818
random,423,13.779,3.2404,13,3,0.7398,1.1818
random,424,13.784,3.3331,13,3,0.734,1.1818
random,425,13.796,3.6891,14,3,0.7051,1.2727
random,426,13.822,3.6315,14,3,0.7187,1.2727
random,427,13.829,3.6034,14,3,0.73,1.2727
random,428,13.863,3.873,15,3,0.7165,1.3636
random,429,13.891,3.551,14,3,0.7257,1.2727
random,430,13.962,3.7333,14,2,0.69,1.2727
random,431,13.969,3.3819,13,2,0.7228,1.1818
random,432,13.99,3.2572,13,3,0.7425,1.1818
random,433,13.994,3.2016,13,3,0.7564,1.1818
random,434,14.013,3.4799,14,3,0.7401,1.2727
random,435,14.041,3.4551,14,3,0.7512,1.2727
random,436,14.11,3.6891,15,3,0.7281,1.3636
random,437,14.12,4.106,16,2,0.6894,1.4545
random,438,14.137,4.4564,17,2,0.6574,1.5455
random,439,14.137,4.4088,17,2,0.6712,1.5455
random,440,14.152,4.3283,17,2,0.6869,1.5455
random,441,14.153,4.272,17,2,0.7004,1.5455
random,442,14.155,4.2702,17,2,0.7038,1.5455
random,443,14.192,4.0292,16,2,0.7077,1.4545
random,444,14.201,4.3301,17,2,0.6903,1.5455
random,445,14.245,4.3301,17,2,0.6903,1.5455
random,446,14.247,4.3857,17,2,0.6896,1.5455
random,447,14.251,4.3229,17,2,0.7029,1.5455
random,448,14.258,4.2848,17,2,0.7143,1.5455
random,449,14.293,3.4618,14,2,0.7571,1.2727
random,450,14.33,3.4641,14,2,0.7589,1.2727
random,451,14.336,3.5685,14,2,0.7505,1.2727
random,452,14.338,3.5969,14,2,0.7476,1.2727
random,453,14.373,3.4187,14,2,0.7684,1.2727
random,454,14.405,3.4911,14,2,0.7643,1.2727
random,455,14.43,3.2692,13,2,0.7724,1.1818
random,456,14.444,3.0999,13,3,0.792,1.1818
random,457,14.533,3.1795,13,3,0.787,1.1818
random,458,14.58,3.4278,14,3,0.7759,1.2727
random,459,14.628,3.2404,13,3,0.7787,1.1818
random,460,14.65,3.1225,13,3,0.7946,1.1818
random,461,14.666,3.0182,13,3,0.8085,1.1818
random,462,14.768,2.8477,13,3,0.8321,1.1818
random,463,14.776,2.8614,13,3,0.8382,1.1818
random,464,14.816,2.5218,12,3,0.8543,1.0909
random,465,14.866,2.6663,12,3,0.832,1.0909
random,466,14.914,2.5372,12,3,0.8456,1.0909
random,467,14.941,2.4463,12,4,0.8553,1.0909
random,468,14.996,2.3419,12,4,0.8738,1.0909
random,469,15.073,2.3684,11,3,0.8574,1
random,470,15.095,2.3318,11,3,0.8663,1
random,471,15.106,2.4206,11,3,0.8583,1
random,472,15.168,2.3979,11,3,0.8524,1
random,473,15.214,2.2913,10,3,0.8498,1
random,474,15.233,2.315,10,3,0.8559,1
random,475,15.239,2.5218,10,3,0.8257,1.1111
random,476,15.296,2.5218,10,3,0.8257,1.1111
random,477,15.326,2.586,10,3,0.8292,1.1111
random,478,15.347,2.7811,11,3,0.8194,1.1111
random,479,15.361,2.6458,11,4,0.8369,1.1111
random,480,15.451,2.681,12,4,0.8424,1.0909
random,481,15.466,2.7811,12,4,0.8423,1.0909
random,482,15.537,2.5372,12,4,0.8647,1.0909
random,483,15.555,2.5372,12,4,0.8647,1.0909
random,484,15.565,2.4969,12,4,0.8747,1.0909
random,485,15.613,2.681,12,3,0.8536,1.0909
random,486,15.614,2.7811,12,3,0.8528,1.0909
random,487,15.629,2.9155,12,3,0.8492,1.0909
random,488,15.67,3.0721,12,3,0.8219,1.0909
random,489,15.673,2.9974,12,3,0.8354,1.0909
random,490,15.674,3.1623,12,3,0.8289,1.0909
random,491,15.679,3.0388,12,3,0.8461,1.0909
random,492,15.701,3.0388,12,3,0.8532,1.0909
random,493,15.705,2.9047,12,4,0.8709,1.0909
random,494,15.728,2.8477,12,4,0.8805,1.0909
random,495,15.75,3.0414,12,4,0.8716,1.0909
random,496,15.821,2.8284,12,4,0.8863,1.0909
random,497,15.844,2.8035,12,4,0.8871,1.0909
random,498,15.877,3.2307,13,4,0.8333,1.1818
random,499,15.884,3.3448,13,3,0.8238,1.1818
random,500,15.893,3.586,14,3,0.8068,1.2727
round_robin,1,0.003,0.3307,1,0,0.125,0.0909
round_robin,2,0.041,0.433,1,0,0.2495,0.0909
round_robin,3,0.042,0.4841,1,0,0.3694,0.1111
round_robin,4,0.048,0.5,1,0,0.4941,0.1111
round_robin,5,0.076,0.5,1,0,0.4941,0.1111
round_robin,6,0.119,0.696,2,0,0.4075,0.2222
round_robin,7,0.165,0.8292,2,0,0.4281,0.2222
round_robin,8,0.177,0.927,2,0,0.4618,0.2222
round_robin,9,0.178,0.866,2,0,0.5531,0.2222
round_robin,10,0.213,0.7071,2,0,0.6434,0.2222
round_robin,11,0.249,0.927,3,0,0.5537,0.3333
round_robin,12,0.368,0.7806,3,0,0.609,0.3333
round_robin,13,0.409,0.8292,3,0,0.6423,0.3333
round_robin,14,0.437,0.857,3,0,0.6776,0.3333
round_robin,15,0.533,0.696,2,0,0.7942,0.2222
round_robin,16,0.536,0.7071,2,0,0.7833,0.25
round_robin,17,0.541,0.857,3,0,0.7334,0.3333
round_robin,18,0.555,0.9682,3,0,0.7334,0.3333
round_robin,19,0.566,0.7806,3,1,0.8074,0.3333
round_robin,20,0.568,0.7071,3,1,0.8486,0.3333
round_robin,21,0.771,1.1659,4,0,0.671,0.4444
round_robin,22,0.804,1.118,4,0,0.7126,0.4444
round_robin,23,0.807,1.2686,4,0,0.7032,0.4444
round_robin,24,0.824,1.0897,4,1,0.7694,0.4444
round_robin,25,0.889,1.1659,4,0,0.7361,0.4444
round_robin,26,0.893,1.199,4,0,0.7557,0.4444
round_robin,27,0.937,1.479,5,0,0.6591,0.5556
round_robin,28,1.071,1.5612,5,0,0.6388,0.5556
round_robin,29,1.143,1.5762,5,0,0.6625,0.5556
round_robin,30,1.16,1.6583,5,0,0.6722,0.5556
round_robin,31,1.189,1.8666,6,0,0.6265,0.6667
round_robin,32,1.211,1.9843,6,0,0.6266,0.6667
round_robin,33,1.218,1.8329,6,1,0.672,0.6667
round_robin,34,1.241,1.6154,6,1,0.7117,0.6667
round_robin,35,1.32,1.5612,6,1,0.7022,0.6667
round_robin,36,1.329,1.691,6,1,0.7029,0.6667
round_robin,37,1.35,1.9365,7,1,0.6523,0.7778
round_robin,38,1.377,1.9645,7,1,0.6668,0.7778
round_robin,39,1.387,1.6154,6,1,0.7499,0.6667
round_robin,40,1.39,1.6394,6,1,0.7637,0.6667
round_robin,41,1.403,1.4948,6,2,0.8053,0.6667
round_robin,42,1.421,1.7321,7,2,0.7573,0.7778
round_robin,43,1.428,1.7984,7,2,0.7616,0.7778
round_robin,44,1.457,1.7139,7,2,0.7864,0.7778
round_robin,45,1.518,1.5612,7,2,0.8072,0.7778
round_robin,46,1.531,1.479,7,2,0.8135,0.7778
round_robin,47,1.538,1.7633,8,2,0.7661,0.8889
round_robin,48,1.58,1.7321,8,2,0.7824,0.8889
round_robin,49,1.587,1.7633,8,2,0.7926,0.8889
round_robin,50,1.606,1.7633,8,2,0.7926,0.8889
round_robin,51,1.63,1.7633,8,2,0.7941,0.8889
round_robin,52,1.636,1.7633,8,2,0.7919,0.8889
round_robin,53,1.766,1.6154,7,2,0.8114,0.7778
round_robin,54,1.787,1.6583,7,2,0.8196,0.7778
round_robin,55,1.787,1.536,7,2,0.8416,0.7778
round_robin,56,1.883,1.7321,8,2,0.7801,0.8889
round_robin,57,1.911,1.8329,8,2,0.7803,0.8889
round_robin,58,1.947,1.8998,8,2,0.7732,0.8889
round_robin,59,1.979,2.0616,8,1,0.7408,0.8889
round_robin,60,1.989,2.0879,8,1,0.752,0.8889
round_robin,61,2.007,2.0879,8,1,0.752,0.8889
round_robin,62,2.051,2.315,9,1,0.7031,1
round_robin,63,2.06,2.222,9,1,0.7271,1
round_robin,64,2.083,2.3419,9,1,0.7259,1
round_robin,65,2.145,2.1065,8,1,0.7602,0.8889
round_robin,66,2.148,2.1176,8,1,0.772,0.8889
round_robin,67,2.199,1.9961,8,1,0.788,0.8889
round_robin,68,2.243,1.9365,8,1,0.7987,0.8889
round_robin,69,2.311,1.8666,8,1,0.7959,0.8889
round_robin,70,2.316,1.9325,8,1,0.7869,0.8889
round_robin,71,2.325,1.9365,8,1,0.7987,0.8889
round_robin,72,2.341,1.7275,8,2,0.8302,0.8889
round_robin,73,2.358,1.6536,8,2,0.8392,0.8889
round_robin,74,2.396,1.9203,9,2,0.8027,1
round_robin,75,2.415,1.8329,9,2,0.8204,1
round_robin,76,2.501,1.7321,8,2,0.8186,0.8889
round_robin,77,2.509,1.7275,8,2,0.8302,0.8889
round_robin,78,2.592,1.5612,8,3,0.8547,0.8889
round_robin,79,2.598,1.536,8,3,0.8663,0.8889
round_robin,80,2.608,1.536,8,3,0.8663,0.8889
round_robin,81,2.619,1.7633,9,3,0.8267,1
round_robin,82,2.703,1.9843,9,2,0.7952,1
round_robin,83,2.753,1.7275,8,2,0.833,0.8889
round_robin,84,2.811,1.9325,8,1,0.8132,0.8889
round_robin,85,2.814,1.9203,8,1,0.8124,0.8889
round_robin,86,2.857,1.6583,7,1,0.8501,0.7778
round_robin,87,2.868,1.7275,7,1,0.8512,0.7778
round_robin,88,2.869,1.854,7,1,0.8499,0.7778
round_robin,89,2.983,1.7984,7,1,0.8478,0.7778
round_robin,90,3.034,1.7854,7,1,0.859,0.7778
round_robin,91,3.066,1.7984,7,1,0.8478,0.7778
round_robin,92,3.086,1.9843,8,1,0.8191,0.8889
round_robin,93,3.106,1.9645,8,1,0.83,0.8889
round_robin,94,3.121,2,8,1,0.8347,0.8889
round_robin,95,3.15,2.0272,8,1,0.8235,0.8889
round_robin,96,3.219,1.9843,7,1,0.8449,0.7778
round_robin,97,3.233,2.3848,8,0,0.7812,0.8889
round_robin,98,3.308,2.2326,7,0,0.8021,0.7778
round_robin,99,3.347,2.2913,7,0,0.8021,0.6667
round_robin,100,3.35,2.3947,7,0,0.8015,0.6667
round_robin,101,3.397,2.3318,7,0,0.8128,0.6667
round_robin,102,3.436,2.315,7,0,0.8235,0.6667
round_robin,103,3.453,2.4495,8,0,0.8155,0.7273
round_robin,104,3.456,2.5709,8,0,0.813,0.7273
round_robin,105,3.491,2.681,8,0,0.8115,0.7273
round_robin,106,3.519,2.7358,8,0,0.8038,0.7778
round_robin,107,3.541,2.9974,9,0,0.7746,0.8182
round_robin,108,3.564,3.1225,9,0,0.7723,0.8182
round_robin,109,3.566,2.9974,9,0,0.7938,0.8182
round_robin,110,3.649,3.1125,9,0,0.7635,0.8182
round_robin,111,3.691,2.9896,9,0,0.7687,0.8182
round_robin,112,3.732,2.9896,9,0,0.7588,0.8182
round_robin,113,3.735,3.1598,10,0,0.749,0.9091
round_robin,114,3.756,3.2016,10,0,0.7555,0.9091
round_robin,115,3.761,2.958,10,0,0.7779,0.9091
round_robin,116,3.764,3.0797,10,0,0.7766,0.9091
round_robin,117,3.772,3.1524,10,0,0.7689,0.9091
round_robin,118,3.831,3.0999,10,0,0.7824,0.9091
round_robin,119,3.864,3.2692,11,0,0.7544,1
round_robin,120,3.906,3.2572,11,0,0.765,1
round_robin,121,3.921,2.9765,10,0,0.7928,0.9091
round_robin,122,3.939,3.0822,10,0,0.7806,1
round_robin,123,3.962,3.2186,10,0,0.7634,1
round_robin,124,4.012,3.3912,11,0,0.7546,1
round_robin,125,4.016,3.3166,11,0,0.7608,1
round_robin,126,4.042,3.4073,11,0,0.7624,1
round_robin,127,4.069,3.3448,11,0,0.7732,1
round_robin,128,4.078,3.4618,11,0,0.7609,1.1111
round_robin,129,4.082,3.7333,12,0,0.7301,1.1111
round_robin,130,4.134,3.5267,12,0,0.7582,1.0909
round_robin,131,4.136,3.562,12,0,0.7656,1.0909
round_robin,132,4.143,3.6379,12,0,0.758,1.0909
round_robin,133,4.174,3.8406,13,0,0.7463,1.1818
round_robin,134,4.178,3.871,13,0,0.7524,1.1818
round_robin,135,4.261,3.9922,13,0,0.7511,1.1818
round_robin,136,4.267,4.0755,13,0,0.7435,1.1818
round_robin,137,4.275,4.272,14,0,0.7334,1.2727
round_robin,138,4.301,4.3012,14,0,0.7291,1.2727
round_robin,139,4.354,4.3012,14,0,0.7193,1.2727
round_robin,140,4.384,4.3012,14,0,0.7193,1.2727
round_robin,141,4.407,4.0311,14,1,0.7406,1.2727
round_robin,142,4.418,3.7749,13,1,0.7625,1.2222
round_robin,143,4.485,3.586,12,1,0.7612,1.3333
round_robin,144,4.515,3.7417,12,1,0.7555,1.3333
round_robin,145,4.569,3.7894,12,1,0.76,1.3333
round_robin,146,4.574,3.9824,12,0,0.7448,1.3333
round_robin,147,4.637,3.8079,12,0,0.7731,1.1111
round_robin,148,4.67,4.062,12,0,0.7384,1.2222
round_robin,149,4.684,4.0136,12,0,0.7495,1.2222
round_robin,150,4.734,4.1363,13,0,0.7376,1.2222
round_robin,151,4.757,4.1758,13,0,0.7425,1.2222
round_robin,152,4.791,4.1814,13,0,0.7496,1.2222
round_robin,153,4.849,4,13,0,0.7502,1.1818
round_robin,154,4.872,3.8548,13,0,0.7734,1.1818
round_robin,155,4.916,3.8548,13,0,0.7734,1.1818
round_robin,156,4.933,3.8324,13,0,0.7816,1.1818
round_robin,157,4.936,3.6034,13,1,0.8068,1.1818
round_robin,158,4.979,3.562,13,1,0.8028,1.1818
round_robin,159,5.001,3.6721,13,1,0.791,1.2222
round_robin,160,5.104,4.2426,14,0,0.718,1.2727
round_robin,161,5.122,4.0447,14,1,0.742,1.2727
round_robin,162,5.122,4.0234,14,1,0.7512,1.2727
round_robin,163,5.231,3.9509,14,1,0.7534,1.2727
round_robin,164,5.279,4.106,14,1,0.7319,1.3333
round_robin,165,5.356,4.2702,14,1,0.6928,1.2727
round_robin,166,5.386,4.5277,15,1,0.661,1.3636
round_robin,167,5.43,4.3301,15,1,0.6856,1.3636
round_robin,168,5.432,4.4141,15,1,0.6882,1.3636
round_robin,169,5.459,4.1833,14,1,0.701,1.2727
round_robin,170,5.487,4.062,14,1,0.7102,1.2727
round_robin,171,5.506,4.2993,15,1,0.6968,1.3636
round_robin,172,5.513,4.2939,15,1,0.7059,1.3636
round_robin,173,5.516,4.2647,15,1,0.7083,1.3636
round_robin,174,5.519,4.3714,15,1,0.6992,1.3636
round_robin,175,5.531,4.3301,15,1,0.7105,1.3636
round_robin,176,5.532,4.5672,16,1,0.6982,1.4545
round_robin,177,5.542,4.6486,16,1,0.6925,1.4545
round_robin,178,5.693,4.5,16,2,0.7049,1.4545
round_robin,179,5.753,4.4282,16,2,0.7097,1.4545
round_robin,180,5.811,4.2408,15,1,0.7151,1.3636
round_robin,181,5.836,4.3875,15,1,0.686,1.3636
round_robin,182,5.856,4.1231,14,1,0.7102,1.2727
round_robin,183,5.877,4.3571,15,1,0.6972,1.3636
round_robin,184,5.878,4.4088,15,1,0.7021,1.3636
round_robin,185,5.878,4.2555,15,2,0.7236,1.3636
round_robin,186,5.953,4.2057,15,1,0.7262,1.3636
round_robin,187,5.981,4.2057,15,1,0.7262,1.3636
round_robin,188,6.049,3.7728,12,1,0.7364,1.1111
round_robin,189,6.138,3.9686,13,1,0.7261,1.1818
round_robin,190,6.158,4.0292,13,1,0.7301,1.1818
round_robin,191,6.158,4.1155,13,1,0.732,1.1818
round_robin,192,6.172,3.9291,13,1,0.7578,1.1818
round_robin,193,6.176,3.9607,13,1,0.7456,1.1818
round_robin,194,6.183,3.9509,13,1,0.7538,1.1818
round_robin,195,6.189,3.7749,13,2,0.7762,1.1818
round_robin,196,6.253,3.238,12,2,0.8089,1.0909
round_robin,197,6.269,3.1598,11,2,0.8188,1
round_robin,198,6.269,3.2692,11,2,0.8058,1.1111
round_robin,199,6.294,3.1125,10,2,0.8193,1.1111
round_robin,200,6.298,3.2572,11,2,0.8131,1.1111
round_robin,201,6.363,3.0822,10,2,0.8224,1
round_robin,202,6.406,2.8284,10,3,0.856,0.8889
round_robin,203,6.428,2.958,11,3,0.8561,0.9167
round_robin,204,6.448,2.8257,11,3,0.8729,0.9167
round_robin,205,6.562,3.1524,10,2,0.8135,0.8889
round_robin,206,6.571,3.1524,10,2,0.8135,0.8889
round_robin,207,6.601,3.2763,10,2,0.8107,0.8889
round_robin,208,6.618,3.0388,10,2,0.8347,0.8889
round_robin,209,6.698,2.6663,10,3,0.8655,0.8333
round_robin,210,6.698,2.8174,10,3,0.8594,0.8333
round_robin,211,6.701,2.6897,10,3,0.8756,0.8333
round_robin,212,6.713,2.7386,10,3,0.8671,0.8889
round_robin,213,6.751,2.9155,10,2,0.8505,0.8889
round_robin,214,6.782,2.9974,10,2,0.8483,0.8889
round_robin,215,6.814,2.9974,10,2,0.8483,0.8889
round_robin,216,6.836,2.8696,10,2,0.8597,0.8889
round_robin,217,6.871,2.8723,11,2,0.8632,0.9167
round_robin,218,6.939,2.6897,10,2,0.8713,0.8333
round_robin,219,6.953,2.8696,10,2,0.8538,0.9091
round_robin,220,6.971,2.8696,10,2,0.8576,0.8333
round_robin,221,7.033,2.8174,10,3,0.8665,0.8333
round_robin,222,7.057,2.8477,10,3,0.8637,0.8333
round_robin,223,7.109,2.6926,10,3,0.869,0.8333
round_robin,224,7.131,2.6926,10,3,0.869,0.8333
round_robin,225,7.164,2.7386,10,3,0.8601,0.9091
round_robin,226,7.167,2.7386,10,3,0.8601,0.9091
round_robin,227,7.203,2.619,10,3,0.8778,0.9091
round_robin,228,7.233,2.619,10,3,0.8778,0.9091
round_robin,229,7.246,2.8174,11,3,0.8621,1
round_robin,230,7.345,3,11,3,0.8411,0.9167
round_robin,231,7.371,2.8913,11,3,0.8589,0.9167
round_robin,232,7.396,2.7585,11,3,0.8714,0.9167
round_robin,233,7.431,2.8284,11,3,0.8586,0.9167
round_robin,234,7.469,3.0182,11,3,0.8422,1
round_robin,235,7.59,3.4278,12,3,0.7939,1
round_robin,236,7.594,3.4073,12,3,0.8039,1
round_robin,237,7.601,3.4551,12,3,0.8069,1
round_robin,238,7.638,3.1918,12,3,0.8362,1
round_robin,239,7.704,3.4073,12,1,0.7992,1
round_robin,240,7.798,3.3704,12,0,0.7814,1
round_robin,241,7.829,3.3704,12,0,0.7814,1
round_robin,242,7.841,3.4278,12,0,0.7839,1
round_robin,243,7.918,3.4073,12,0,0.7716,1
round_robin,244,7.953,3.238,12,1,0.7824,1
round_robin,245,7.979,3.2787,12,1,0.7688,1
round_robin,246,7.986,3.2763,12,1,0.777,1
round_robin,247,8.048,2.7811,10,1,0.8125,0.8333
round_robin,248,8.058,2.8723,10,1,0.8118,0.8333
round_robin,249,8.082,2.8696,10,1,0.8072,0.8333
round_robin,250,8.118,2.681,10,2,0.8394,0.8333
round_robin,251,8.149,2.9896,10,1,0.8048,0.8333
round_robin,252,8.153,2.9765,10,1,0.8133,0.8333
round_robin,253,8.157,2.958,10,1,0.8231,0.8333
round_robin,254,8.164,3.0593,10,1,0.8218,0.8333
round_robin,255,8.189,2.9047,10,1,0.8459,0.8333
round_robin,256,8.241,2.8614,10,2,0.8484,0.8333
round_robin,257,8.269,2.8614,10,2,0.8484,0.8333
round_robin,258,8.324,2.7128,10,2,0.8521,0.8333
round_robin,259,8.392,2.8035,10,2,0.8558,0.8333
round_robin,260,8.399,2.7726,10,2,0.8542,0.8333
round_robin,261,8.41,2.9128,10,2,0.8455,0.9091
round_robin,262,8.411,3.0822,11,2,0.8383,0.9167
round_robin,263,8.46,2.9896,10,1,0.8297,0.8333
round_robin,264,8.474,3.0797,10,1,0.8292,0.8333
round_robin,265,8.508,2.7726,9,2,0.8654,0.8182
round_robin,266,8.515,2.9128,10,2,0.8556,0.9091
round_robin,267,8.529,3.1125,10,1,0.829,0.9091
round_robin,268,8.535,3.3819,10,0,0.8018,0.9091
round_robin,269,8.667,3.3912,10,0,0.7873,0.9091
round_robin,270,8.712,3.2954,10,0,0.7882,0.9091
round_robin,271,8.764,3.1623,10,0,0.8124,0.9091
round_robin,272,8.768,3.3331,11,0,0.7997,1
round_robin,273,8.791,3.2572,11,0,0.8058,1
round_robin,274,8.843,3.0822,10,0,0.8188,0.9091
round_robin,275,8.869,2.9765,10,0,0.8207,0.9091
round_robin,276,8.877,2.7386,10,1,0.8531,0.9091
round_robin,277,8.982,2.8174,10,1,0.8397,0.9091
round_robin,278,9.013,2.6428,9,1,0.8548,0.8182
round_robin,279,9.071,2.7811,9,1,0.8415,0.8182
round_robin,280,9.074,2.7272,9,1,0.846,0.8182
round_robin,281,9.085,2.5372,9,1,0.863,0.8182
round_robin,282,9.101,2.7128,10,1,0.8494,0.9091
round_robin,283,9.133,2.9475,10,1,0.8273,0.9091
round_robin,284,9.143,3.0593,10,1,0.824,0.9091
round_robin,285,9.152,2.958,10,1,0.8411,0.9091
round_robin,286,9.205,2.9896,10,1,0.8222,0.9091
round_robin,287,9.211,3.0999,10,1,0.8192,0.9091
round_robin,288,9.263,3.0182,9,1,0.8319,0.8182
round_robin,289,9.323,3.0797,9,1,0.8082,0.8182
round_robin,290,9.333,3.0311,9,1,0.8178,0.8182
round_robin,291,9.4,2.8696,9,1,0.8081,0.8182
round_robin,292,9.417,3.0414,10,1,0.7993,0.8333
round_robin,293,9.472,3.3448,10,0,0.7066,0.8333
round_robin,294,9.53,3.3331,10,0,0.7199,0.8333
round_robin,295,9.55,3.3331,10,0,0.7116,0.8333
round_robin,296,9.551,3.2787,10,0,0.7286,0.8333
round_robin,297,9.575,3.2404,9,0,0.729,0.8182
round_robin,298,9.626,3.4073,10,0,0.7219,0.8333
round_robin,299,9.644,3.3704,9,0,0.726,0.8182
round_robin,300,9.769,3.2954,9,0,0.722,0.8182
round_robin,301,9.876,3.0797,9,0,0.7061,0.75
round_robin,302,9.88,3.2016,9,0,0.6994,0.75
round_robin,303,9.881,3.3889,10,0,0.6888,0.8333
round_robin,304,9.898,3.3448,10,0,0.7066,0.8333
round_robin,305,9.898,3.3331,10,0,0.7116,0.8333
round_robin,306,9.924,3.1918,10,0,0.7239,0.8333
round_robin,307,9.931,3.3331,10,0,0.7147,0.8333
round_robin,308,9.974,3.3331,10,0,0.7147,0.8333
round_robin,309,9.98,3.2572,10,0,0.7192,0.8333
round_robin,310,9.984,3.4278,10,0,0.7072,0.9091
round_robin,311,9.989,3.4799,10,0,0.7129,0.9091
round_robin,312,9.997,3.3448,10,0,0.7402,0.9091
round_robin,313,10.028,3.3448,10,0,0.7402,0.9091
round_robin,314,10.089,3.3143,10,0,0.7474,0.9091
round_robin,315,10.137,3.0593,10,1,0.7488,0.8333
round_robin,316,10.171,2.9342,10,1,0.7707,0.8333
round_robin,317,10.178,3.1623,11,1,0.7546,0.9167
round_robin,318,10.247,3.0999,11,1,0.7725,0.9167
round_robin,319,10.248,3.0721,11,1,0.7771,0.9167
round_robin,320,10.282,3.1125,11,1,0.7686,0.9167
round_robin,321,10.34,3.2692,11,1,0.7519,0.9167
round_robin,322,10.356,3.4978,12,1,0.7379,1
round_robin,323,10.362,3.4278,12,1,0.7555,1
round_robin,324,10.408,3.5685,12,1,0.7203,1
round_robin,325,10.414,3.5,12,1,0.7379,1
round_robin,326,10.465,3.3889,11,1,0.7348,0.9167
round_robin,327,10.487,3.4278,11,1,0.7413,0.9167
round_robin,328,10.565,3.14,11,1,0.7593,0.9167
round_robin,329,10.569,2.9155,10,1,0.7735,0.8333
round_robin,330,10.571,2.8477,10,1,0.7914,0.8333
round_robin,331,10.586,2.8174,10,1,0.7995,0.8333
round_robin,332,10.588,2.6428,10,2,0.8284,0.8333
round_robin,333,10.591,2.7839,10,2,0.8192,0.8333
round_robin,334,10.608,2.6428,10,2,0.8423,0.8333
round_robin,335,10.613,2.8614,11,2,0.8299,0.9167
round_robin,336,10.727,2.8035,11,2,0.8434,0.9167
round_robin,337,10.765,2.3979,9,2,0.8418,0.8182
round_robin,338,10.818,2.4463,9,2,0.8335,0.8182
round_robin,339,10.823,2.3452,9,2,0.8513,0.8182
round_robin,340,10.869,2.3452,9,2,0.8513,0.8182
round_robin,341,10.921,1.9325,8,2,0.8831,0.75
round_robin,342,10.968,1.7275,8,2,0.8926,0.75
round_robin,343,11.066,1.691,7,2,0.8653,0.75
round_robin,344,11.08,1.7321,7,2,0.8713,0.75
round_robin,345,11.097,2.1213,8,1,0.8362,0.75
round_robin,346,11.112,2.2044,8,1,0.8157,0.875
round_robin,347,11.187,2.4495,8,1,0.7865,0.875
round_robin,348,11.203,2.5981,8,1,0.7725,0.875
round_robin,349,11.218,2.5218,8,1,0.7904,0.875
round_robin,350,11.282,2.3979,8,1,0.795,0.875
round_robin,351,11.287,2.315,8,1,0.8129,0.875
round_robin,352,11.291,2.4367,8,1,0.7865,1
round_robin,353,11.307,2.3419,8,1,0.8036,1
round_robin,354,11.355,2.1213,8,2,0.8316,1
round_robin,355,11.412,2.3452,8,2,0.8116,1
round_robin,356,11.454,2.3452,8,2,0.8354,0.875
round_robin,357,11.473,2.2326,8,2,0.8532,0.875
round_robin,358,11.474,2.3318,8,2,0.8307,1
round_robin,359,11.48,2.1651,8,2,0.8393,1
round_robin,360,11.547,2.4367,9,2,0.8163,1
round_robin,361,11.595,2.4367,9,2,0.8374,0.875
round_robin,362,11.63,2.2879,9,2,0.8586,0.8182
round_robin,363,11.638,2.4495,9,2,0.8521,0.8182
round_robin,364,11.639,2.4463,9,2,0.8523,0.8182
round_robin,365,11.759,2.315,9,3,0.8579,0.8182
round_robin,366,11.786,2.222,9,3,0.8754,0.8182
round_robin,367,11.791,2.3947,9,3,0.8661,0.8182
round_robin,368,11.849,2.2044,9,2,0.8682,0.8182
round_robin,369,11.919,2.2604,9,2,0.8499,0.8182
round_robin,370,11.944,2.2044,9,3,0.8587,0.8182
round_robin,371,11.972,2.0272,9,3,0.8743,0.8182
round_robin,372,11.997,2.1469,9,3,0.863,0.8182
round_robin,373,12.037,2.0463,9,3,0.8808,0.8182
round_robin,374,12.043,1.9325,9,3,0.8959,0.8182
round_robin,375,12.08,2.0463,9,3,0.8808,0.8182
round_robin,376,12.091,2.0578,9,3,0.8875,0.8182
round_robin,377,12.091,2.2361,9,3,0.8789,0.8182
round_robin,378,12.111,2.1759,9,3,0.8917,0.8182
round_robin,379,12.141,2.1651,9,3,0.8836,0.8182
round_robin,380,12.152,2.3684,10,3,0.8691,0.9091
round_robin,381,12.163,2.3452,10,3,0.8767,0.9091
round_robin,382,12.191,2.5981,10,3,0.8559,0.9091
round_robin,383,12.197,2.4717,10,3,0.8732,0.9091
round_robin,384,12.235,2.5981,10,3,0.8555,0.9091
round_robin,385,12.235,2.619,10,3,0.8593,0.9091
round_robin,386,12.271,2.2913,9,3,0.8651,0.875
round_robin,387,12.348,2.2044,9,3,0.8754,0.875
round_robin,388,12.383,2.0463,9,3,0.8932,0.875
round_robin,389,12.388,2.2326,10,3,0.8837,0.9091
round_robin,390,12.546,1.8666,8,3,0.8925,0.75
round_robin,391,12.563,2.0463,9,3,0.8867,0.75
round_robin,392,12.566,2.0272,9,3,0.8875,0.75
round_robin,393,12.632,2.0272,9,3,0.8875,0.75
round_robin,394,12.679,2.2044,10,3,0.8769,0.8333
round_robin,395,12.696,2.0616,10,3,0.8946,0.8333
round_robin,396,12.744,2.0879,10,3,0.8824,0.875
round_robin,397,12.76,1.9203,10,4,0.9002,0.875
round_robin,398,12.821,1.854,9,4,0.9006,0.875
round_robin,399,12.83,1.7984,9,4,0.9104,0.875
round_robin,400,12.916,2.1065,10,4,0.8863,0.875
round_robin,401,12.921,2.1759,10,4,0.8697,1
round_robin,402,13.097,2.222,10,3,0.8391,1
round_robin,403,13.214,1.7984,9,4,0.8616,1
round_robin,404,13.224,1.9843,9,4,0.8309,1.125
round_robin,405,13.248,1.9843,9,4,0.826,1.125
round_robin,406,13.277,1.7139,9,4,0.8683,1
round_robin,407,13.321,1.479,8,4,0.8797,1
round_robin,408,13.326,1.4524,8,4,0.8888,1
round_robin,409,13.357,1.691,9,4,0.8776,1
round_robin,410,13.359,1.5811,9,4,0.8911,1
round_robin,411,13.383,1.4524,9,4,0.9155,0.875
round_robin,412,13.407,1.4142,9,4,0.9224,0.875
round_robin,413,13.451,1.4524,9,4,0.9268,0.875
round_robin,414,13.505,1.2247,8,4,0.9316,0.875
round_robin,415,13.517,1.2686,8,4,0.9245,0.875
round_robin,416,13.525,1.2686,8,4,0.9245,0.875
round_robin,417,13.55,1.0897,8,5,0.9372,0.875
round_robin,418,13.575,1.536,8,4,0.8895,1
round_robin,419,13.576,1.6394,8,4,0.8799,1
round_robin,420,13.668,1.2686,8,4,0.9238,0.875
round_robin,421,13.685,1.118,7,4,0.9236,0.875
round_robin,422,13.711,1.2686,8,4,0.9238,0.875
round_robin,423,13.779,1.4142,8,4,0.9111,0.875
round_robin,424,13.784,1.536,8,4,0.8895,1
round_robin,425,13.796,1.691,8,4,0.8709,1
round_robin,426,13.822,1.6394,8,4,0.8799,1
round_robin,427,13.829,1.5762,8,4,0.8889,1
round_robin,428,13.863,1.4142,8,4,0.9027,1
round_robin,429,13.891,1.4524,9,4,0.8866,1
round_robin,430,13.962,1.7139,9,3,0.8667,1
round_robin,431,13.969,1.7139,9,3,0.8644,1
round_robin,432,13.99,1.7633,9,3,0.8697,1
round_robin,433,13.994,1.6583,9,3,0.8833,1
round_robin,434,14.013,1.8998,10,3,0.8594,1.1111
round_robin,435,14.041,1.854,10,3,0.8685,1.1111
round_robin,436,14.11,1.6154,9,3,0.8915,1
round_robin,437,14.12,1.691,9,3,0.8888,1
round_robin,438,14.137,2.0272,9,2,0.8658,1
round_robin,439,14.137,2.1065,9,2,0.8684,1
round_robin,440,14.152,2.0578,9,2,0.8785,1
round_robin,441,14.153,2.2361,10,2,0.8592,1.1111
round_robin,442,14.155,2.1759,10,2,0.869,1.1111
round_robin,443,14.192,1.9961,9,2,0.8811,1
round_robin,444,14.201,2.1213,9,2,0.8806,1
round_robin,445,14.245,2.1213,9,2,0.8806,1
round_robin,446,14.247,1.8666,9,3,0.9025,1
round_robin,447,14.251,1.854,9,3,0.9093,1
round_robin,448,14.258,2.0272,10,3,0.906,1
round_robin,449,14.293,1.9961,9,2,0.9081,0.8889
round_robin,450,14.33,1.9365,9,2,0.8932,0.8889
round_robin,451,14.336,2.0578,9,2,0.88,1
round_robin,452,14.338,2.0463,9,2,0.8858,1
round_robin,453,14.373,2.1065,9,2,0.8805,1
round_robin,454,14.405,2.2776,10,2,0.883,1
round_robin,455,14.43,2.1065,9,2,0.893,1
round_robin,456,14.444,2.0879,9,2,0.888,1
round_robin,457,14.533,1.691,9,3,0.9085,1
round_robin,458,14.58,1.6583,9,3,0.9158,1
round_robin,459,14.628,2,9,2,0.8987,1
round_robin,460,14.65,2.0616,9,2,0.8808,1
round_robin,461,14.666,2.2044,10,2,0.868,1.1111
round_robin,462,14.768,1.8998,10,3,0.8832,1.1111
round_robin,463,14.776,1.9843,10,3,0.8857,1.1111
round_robin,464,14.816,2.1469,11,3,0.8582,1.2222
round_robin,465,14.866,1.691,10,4,0.8807,1.1111
round_robin,466,14.914,1.5612,10,4,0.897,1.1111
round_robin,467,14.941,1.9325,10,3,0.8709,1.1111
round_robin,468,14.996,1.9961,10,3,0.8677,1.1111
round_robin,469,15.073,1.8329,10,3,0.862,1.1111
round_robin,470,15.095,1.854,10,3,0.8547,1.1111
round_robin,471,15.106,2.1469,11,3,0.8156,1.2222
round_robin,472,15.168,2.3452,11,2,0.7942,1.2222
round_robin,473,15.214,2.1794,11,3,0.8049,1.2222
round_robin,474,15.233,2.1469,11,3,0.8148,1.2222
round_robin,475,15.239,2.0879,11,3,0.8305,1.2222
round_robin,476,15.296,2.315,11,2,0.8161,1.2222
round_robin,477,15.326,2.586,12,2,0.7898,1.3333
round_robin,478,15.347,2.3947,12,3,0.8107,1.3333
round_robin,479,15.361,2.3979,12,3,0.8174,1.3333
round_robin,480,15.451,2.1651,11,3,0.8414,1.2222
round_robin,481,15.466,2.2326,11,3,0.8452,1.2222
round_robin,482,15.537,2.3318,11,3,0.8313,1.2222
round_robin,483,15.555,2.2776,11,3,0.8332,1.2222
round_robin,484,15.565,2.1176,11,4,0.8508,1.2222
round_robin,485,15.613,2.1065,11,4,0.8501,1.2222
round_robin,486,15.614,2.1176,11,4,0.8569,1.2222
round_robin,487,15.629,2.1794,11,4,0.8605,1.2222
round_robin,488,15.67,2.4875,12,4,0.8079,1.3333
round_robin,489,15.673,2.4969,12,4,0.8142,1.3333
round_robin,490,15.674,2.3979,12,4,0.828,1.3333
round_robin,491,15.679,2.3947,12,4,0.8345,1.3333
round_robin,492,15.701,2.4463,12,4,0.8327,1.3333
round_robin,493,15.705,2.3318,12,4,0.8435,1.3333
round_robin,494,15.728,2.619,13,4,0.8167,1.4444
round_robin,495,15.75,2.5495,13,4,0.8274,1.4444
round_robin,496,15.821,2.5495,13,4,0.826,1.4444
round_robin,497,15.844,2.5709,13,4,0.832,1.4444
round_robin,498,15.877,2.7726,13,3,0.8002,1.4444
round_robin,499,15.884,2.8614,13,3,0.794,1.4444
round_robin,500,15.893,2.7128,13,4,0.8104,1.4444
least_loaded_agent,1,0.003,0.3307,1,0,0.125,0.0909
least_loaded_agent,2,0.041,0.433,1,0,0.2495,0.0909
least_loaded_agent,3,0.042,0.4841,1,0,0.3744,0.0909
least_loaded_agent,4,0.048,0.5,1,0,0.4925,0.1111
least_loaded_agent,5,0.076,0.5,1,0,0.4925,0.1111
least_loaded_agent,6,0.119,0.4841,1,0,0.6174,0.1111
least_loaded_agent,7,0.165,0.433,1,0,0.7316,0.125
least_loaded_agent,8,0.177,0.5995,2,0,0.7039,0.1667
least_loaded_agent,9,0.178,0.7071,2,0,0.7051,0.1667
least_loaded_agent,10,0.213,0.5,2,0,0.8228,0.1667
least_loaded_agent,11,0.249,0.5995,2,0,0.8185,0.1667
least_loaded_agent,12,0.368,0.7806,2,0,0.6993,0.1818
least_loaded_agent,13,0.409,0.6614,2,0,0.8176,0.1818
least_loaded_agent,14,0.437,0.696,2,0,0.83,0.1818
least_loaded_agent,15,0.533,0.4841,2,1,0.9101,0.1818
least_loaded_agent,16,0.536,0.5,2,1,0.9298,0.1818
least_loaded_agent,17,0.541,0.4841,2,1,0.9544,0.1818
least_loaded_agent,18,0.555,0.433,2,1,0.9754,0.1818
least_loaded_agent,19,0.566,0.3307,2,1,0.9795,0.2222
least_loaded_agent,20,0.568,0.5,3,1,0.9649,0.25
least_loaded_agent,21,0.771,0.7806,3,1,0.8871,0.25
least_loaded_agent,22,0.804,0.7071,3,1,0.9225,0.25
least_loaded_agent,23,0.807,0.7806,3,1,0.9114,0.2727
least_loaded_agent,24,0.824,0.6614,3,1,0.9501,0.2727
least_loaded_agent,25,0.889,0.5995,3,1,0.9589,0.25
least_loaded_agent,26,0.893,0.433,3,2,0.9747,0.25
least_loaded_agent,27,0.937,0.433,3,2,0.9747,0.25
least_loaded_agent,28,1.071,0.433,3,2,0.9747,0.25
least_loaded_agent,29,1.143,0.4841,3,2,0.9723,0.2727
least_loaded_agent,30,1.16,0.5,3,2,0.9816,0.2727
least_loaded_agent,31,1.189,0.4841,3,2,0.9668,0.3333
least_loaded_agent,32,1.211,0.6614,4,2,0.9576,0.3333
least_loaded_agent,33,1.218,0.7806,4,2,0.9527,0.3333
least_loaded_agent,34,1.241,0.7806,4,2,0.9527,0.3333
least_loaded_agent,35,1.32,0.8292,4,2,0.9546,0.3333
least_loaded_agent,36,1.329,0.7806,4,2,0.9677,0.3333
least_loaded_agent,37,1.35,0.7071,4,2,0.9687,0.3333
least_loaded_agent,38,1.377,0.5995,4,2,0.9629,0.375
least_loaded_agent,39,1.387,0.5995,4,2,0.9629,0.375
least_loaded_agent,40,1.39,0.6614,4,2,0.9614,0.375
least_loaded_agent,41,1.403,0.4841,4,3,0.982,0.375
least_loaded_agent,42,1.421,0.7071,5,3,0.9732,0.4167
least_loaded_agent,43,1.428,0.696,5,3,0.9819,0.4167
least_loaded_agent,44,1.457,0.8292,5,3,0.9776,0.4167
least_loaded_agent,45,1.518,0.8292,5,3,0.9776,0.4167
least_loaded_agent,46,1.531,0.8292,5,3,0.9739,0.4167
least_loaded_agent,47,1.538,0.7806,5,3,0.9692,0.4444
least_loaded_agent,48,1.58,0.7071,5,3,0.9817,0.4444
least_loaded_agent,49,1.587,0.7806,5,3,0.9832,0.4444
least_loaded_agent,50,1.606,0.7806,5,3,0.9832,0.4444
least_loaded_agent,51,1.63,0.7806,5,3,0.9832,0.4444
least_loaded_agent,52,1.636,0.7806,5,3,0.9832,0.4444
least_loaded_agent,53,1.766,1.0533,5,2,0.9585,0.4444
least_loaded_agent,54,1.787,0.866,5,3,0.9728,0.4444
least_loaded_agent,55,1.787,0.7806,5,3,0.9832,0.4444
least_loaded_agent,56,1.883,0.7071,5,3,0.9817,0.4444
least_loaded_agent,57,1.911,0.7806,5,3,0.9832,0.4444
least_loaded_agent,58,1.947,0.927,5,3,0.9698,0.4545
least_loaded_agent,59,1.979,1.118,5,2,0.9538,0.4545
least_loaded_agent,60,1.989,0.927,5,3,0.9698,0.4545
least_loaded_agent,61,2.007,0.927,5,3,0.9698,0.4545
least_loaded_agent,62,2.051,0.927,5,3,0.9698,0.4545
least_loaded_agent,63,2.06,0.8292,5,3,0.9813,0.4545
least_loaded_agent,64,2.083,0.9922,6,3,0.9752,0.5
least_loaded_agent,65,2.145,0.8292,5,3,0.9813,0.4545
least_loaded_agent,66,2.148,0.9922,6,3,0.9752,0.5
least_loaded_agent,67,2.199,0.9922,6,3,0.9752,0.5
least_loaded_agent,68,2.243,0.866,6,3,0.9729,0.5
least_loaded_agent,69,2.311,0.857,6,3,0.9706,0.5
least_loaded_agent,70,2.316,0.857,6,3,0.9706,0.5
least_loaded_agent,71,2.325,0.7071,6,4,0.9841,0.5
least_loaded_agent,72,2.341,0.696,6,4,0.987,0.5
least_loaded_agent,73,2.358,0.696,6,4,0.987,0.5
least_loaded_agent,74,2.396,0.6614,6,4,0.9909,0.5
least_loaded_agent,75,2.415,0.5995,6,4,0.9957,0.5
least_loaded_agent,76,2.501,0.7071,6,4,0.9804,0.5
least_loaded_agent,77,2.509,0.696,6,4,0.9836,0.5
least_loaded_agent,78,2.592,0.6614,6,4,0.9909,0.5
least_loaded_agent,79,2.598,0.5995,6,4,0.9957,0.5
least_loaded_agent,80,2.608,0.5995,6,4,0.9957,0.5
least_loaded_agent,81,2.619,0.7806,6,4,0.9875,0.5
least_loaded_agent,82,2.703,0.6614,6,4,0.9878,0.5
least_loaded_agent,83,2.753,0.696,6,4,0.9803,0.5
least_loaded_agent,84,2.811,0.696,6,4,0.9836,0.5
least_loaded_agent,85,2.814,0.6614,6,4,0.9878,0.5
least_loaded_agent,86,2.857,0.5,5,4,0.9826,0.5
least_loaded_agent,87,2.868,0.4841,5,4,0.9892,0.5
least_loaded_agent,88,2.869,0.433,5,4,0.9964,0.5
least_loaded_agent,89,2.983,0.4841,5,4,0.9892,0.5
least_loaded_agent,90,3.034,0.433,5,4,0.9964,0.5
least_loaded_agent,91,3.066,0.4841,5,4,0.9926,0.5
least_loaded_agent,92,3.086,0.433,5,4,0.9964,0.5
least_loaded_agent,93,3.106,0.5995,6,4,0.9912,0.5455
least_loaded_agent,94,3.121,0.7071,6,4,0.9919,0.5455
least_loaded_agent,95,3.15,0.5995,6,4,0.9957,0.5
least_loaded_agent,96,3.219,0.6614,6,4,0.9909,0.5
least_loaded_agent,97,3.233,0.8292,6,4,0.9854,0.5
least_loaded_agent,98,3.308,0.857,6,4,0.978,0.5
least_loaded_agent,99,3.347,1.118,6,3,0.9636,0.5
least_loaded_agent,100,3.35,1.2183,6,3,0.9615,0.5
least_loaded_agent,101,3.397,1.299,6,3,0.9562,0.5455
least_loaded_agent,102,3.436,1.1659,6,3,0.9715,0.5455
least_loaded_agent,103,3.453,1,6,4,0.9816,0.5455
least_loaded_agent,104,3.456,0.927,6,4,0.9711,0.625
least_loaded_agent,105,3.491,1.0897,7,4,0.9677,0.625
least_loaded_agent,106,3.519,0.9922,7,4,0.9692,0.625
least_loaded_agent,107,3.541,0.9922,7,4,0.9692,0.625
least_loaded_agent,108,3.564,0.866,7,4,0.9787,0.625
least_loaded_agent,109,3.566,0.9922,7,4,0.978,0.625
least_loaded_agent,110,3.649,1.0897,7,4,0.9613,0.625
least_loaded_agent,111,3.691,1.299,7,3,0.9489,0.625
least_loaded_agent,112,3.732,1.5612,7,2,0.9264,0.625
least_loaded_agent,113,3.735,1.6536,7,2,0.9261,0.625
least_loaded_agent,114,3.756,1.7321,7,2,0.923,0.6364
least_loaded_agent,115,3.761,1.8028,7,2,0.9187,0.6667
least_loaded_agent,116,3.764,1.5762,7,3,0.9429,0.6667
least_loaded_agent,117,3.772,1.7139,8,3,0.9387,0.6667
least_loaded_agent,118,3.831,1.536,8,4,0.9563,0.6667
least_loaded_agent,119,3.864,1.5612,8,3,0.9535,0.6667
least_loaded_agent,120,3.906,1.4524,8,3,0.9645,0.6667
least_loaded_agent,121,3.921,1.6154,8,3,0.9536,0.6667
least_loaded_agent,122,3.939,1.7321,8,3,0.9464,0.7273
least_loaded_agent,123,3.962,1.7633,8,3,0.9493,0.7273
least_loaded_agent,124,4.012,1.7321,8,3,0.9565,0.7273
least_loaded_agent,125,4.016,1.4142,8,4,0.9727,0.7273
least_loaded_agent,126,4.042,1.4524,8,4,0.9748,0.7273
least_loaded_agent,127,4.069,1.3919,8,4,0.9805,0.7273
least_loaded_agent,128,4.078,1.317,8,4,0.9793,0.7273
least_loaded_agent,129,4.082,1.7854,8,3,0.9517,0.7273
least_loaded_agent,130,4.134,1.7854,8,3,0.9517,0.7273
least_loaded_agent,131,4.136,1.7854,8,3,0.9517,0.7273
least_loaded_agent,132,4.143,1.8666,8,3,0.9508,0.7273
least_loaded_agent,133,4.174,2,9,3,0.9461,0.75
least_loaded_agent,134,4.178,2.1176,9,3,0.9424,0.75
least_loaded_agent,135,4.261,1.9203,9,4,0.958,0.75
least_loaded_agent,136,4.267,1.8998,9,4,0.9538,0.7778
least_loaded_agent,137,4.275,1.7321,9,4,0.9614,0.7778
least_loaded_agent,138,4.301,2.0616,9,3,0.9425,0.7778
least_loaded_agent,139,4.354,2.2913,9,3,0.9302,0.8182
least_loaded_agent,140,4.384,2.3452,10,3,0.9266,0.8333
least_loaded_agent,141,4.407,2.1213,10,4,0.9414,0.8333
least_loaded_agent,142,4.418,1.8708,10,4,0.9559,0.8333
least_loaded_agent,143,4.485,2.0272,10,4,0.9427,0.8333
least_loaded_agent,144,4.515,2.1213,10,4,0.9414,0.8333
least_loaded_agent,145,4.569,1.9645,10,4,0.9548,0.8333
least_loaded_agent,146,4.574,2.2604,10,4,0.9372,0.8333
least_loaded_agent,147,4.637,2.2913,10,4,0.9389,0.8333
least_loaded_agent,148,4.67,2.1213,10,4,0.9414,0.8333
least_loaded_agent,149,4.684,1.9645,10,4,0.9548,0.8333
least_loaded_agent,150,4.734,2.2044,10,3,0.9411,0.8333
least_loaded_agent,151,4.757,1.9843,10,4,0.9578,0.8333
least_loaded_agent,152,4.791,2.1176,10,4,0.9541,0.8333
least_loaded_agent,153,4.849,2.1794,10,4,0.9459,0.8333
least_loaded_agent,154,4.872,2.0879,10,4,0.9549,0.8333
least_loaded_agent,155,4.916,2.2604,10,3,0.9365,0.8333
least_loaded_agent,156,4.933,2.0463,10,4,0.9532,0.8333
least_loaded_agent,157,4.936,1.8666,10,5,0.9623,0.8333
least_loaded_agent,158,4.979,1.5612,10,5,0.9762,0.8333
least_loaded_agent,159,5.001,1.6536,10,5,0.9727,0.8333
least_loaded_agent,160,5.104,1.8708,10,4,0.9559,0.8333
least_loaded_agent,161,5.122,1.7633,10,4,0.9648,0.8333
least_loaded_agent,162,5.122,1.5612,10,5,0.9731,0.8333
least_loaded_agent,163,5.231,1.3636,9,5,0.9778,0.8182
least_loaded_agent,164,5.279,1.3636,9,5,0.9778,0.8182
least_loaded_agent,165,5.356,0.857,8,5,0.9868,0.7778
least_loaded_agent,166,5.386,1,8,5,0.9795,0.7778
least_loaded_agent,167,5.43,1.118,8,5,0.9867,0.6667
least_loaded_agent,168,5.432,1.2183,8,5,0.9864,0.6667
least_loaded_agent,169,5.459,1.4142,8,4,0.9679,0.75
least_loaded_agent,170,5.487,1.118,8,5,0.9805,0.75
least_loaded_agent,171,5.506,0.9922,8,5,0.9877,0.75
least_loaded_agent,172,5.513,0.8292,8,6,0.9892,0.75
least_loaded_agent,173,5.516,1.0897,8,5,0.9822,0.75
least_loaded_agent,174,5.519,1.1659,8,5,0.9805,0.75
least_loaded_agent,175,5.531,1,8,6,0.9888,0.75
least_loaded_agent,176,5.532,1.1659,9,6,0.9869,0.75
least_loaded_agent,177,5.542,1.4524,9,5,0.9767,0.75
least_loaded_agent,178,5.693,1.118,9,6,0.9849,0.75
least_loaded_agent,179,5.753,1.0533,9,6,0.9861,0.75
least_loaded_agent,180,5.811,1.2183,9,5,0.9848,0.75
least_loaded_agent,181,5.836,1.2247,9,5,0.9821,0.75
least_loaded_agent,182,5.856,1.118,9,5,0.9876,0.75
least_loaded_agent,183,5.877,1.111,9,5,0.9892,0.75
least_loaded_agent,184,5.878,1.199,9,5,0.9895,0.75
least_loaded_agent,185,5.878,1.1659,9,5,0.9921,0.75
least_loaded_agent,186,5.953,1.199,9,5,0.9895,0.75
least_loaded_agent,187,5.981,1.199,9,5,0.9895,0.75
least_loaded_agent,188,6.049,0.857,8,5,0.9906,0.6667
least_loaded_agent,189,6.138,0.866,8,5,0.9943,0.6667
least_loaded_agent,190,6.158,0.857,8,5,0.9957,0.6667
least_loaded_agent,191,6.158,0.9682,8,5,0.9958,0.6667
least_loaded_agent,192,6.172,0.9682,8,5,0.9958,0.6667
least_loaded_agent,193,6.176,1.0897,8,5,0.9906,0.7273
least_loaded_agent,194,6.183,1.0533,8,5,0.9933,0.7273
least_loaded_agent,195,6.189,1,8,5,0.9964,0.7273
least_loaded_agent,196,6.253,0.857,8,5,0.9957,0.6667
least_loaded_agent,197,6.269,0.9922,8,5,0.9912,0.6667
least_loaded_agent,198,6.269,1.0897,8,5,0.9883,0.7273
least_loaded_agent,199,6.294,0.9682,8,5,0.9902,0.7273
least_loaded_agent,200,6.298,0.927,8,5,0.9952,0.7273
least_loaded_agent,201,6.363,0.866,8,5,0.9943,0.6667
least_loaded_agent,202,6.406,0.866,8,5,0.9943,0.6667
least_loaded_agent,203,6.428,1,8,5,0.9955,0.6667
least_loaded_agent,204,6.448,1.111,8,5,0.9948,0.6667
least_loaded_agent,205,6.562,0.6614,7,5,0.9923,0.6667
least_loaded_agent,206,6.571,0.6614,7,5,0.9923,0.6667
least_loaded_agent,207,6.601,0.696,7,5,0.9954,0.6667
least_loaded_agent,208,6.618,0.696,7,5,0.9954,0.6667
least_loaded_agent,209,6.698,0.7806,7,5,0.9897,0.6667
least_loaded_agent,210,6.698,0.6614,7,5,0.9953,0.6667
least_loaded_agent,211,6.701,0.696,7,5,0.9954,0.6667
least_loaded_agent,212,6.713,0.7071,7,5,0.9963,0.6667
least_loaded_agent,213,6.751,0.7071,7,5,0.9963,0.6667
least_loaded_agent,214,6.782,0.857,8,5,0.9957,0.6667
least_loaded_agent,215,6.814,0.857,8,5,0.9957,0.6667
least_loaded_agent,216,6.836,1.111,8,5,0.9884,0.6667
least_loaded_agent,217,6.871,1,8,5,0.9887,0.6667
least_loaded_agent,218,6.939,1.111,8,5,0.9891,0.6667
least_loaded_agent,219,6.953,1.2183,8,5,0.9843,0.6667
least_loaded_agent,220,6.971,1.111,8,5,0.9891,0.6667
least_loaded_agent,221,7.033,1.199,8,4,0.9895,0.6667
least_loaded_agent,222,7.057,0.927,8,5,0.9926,0.6667
least_loaded_agent,223,7.109,1.118,8,4,0.9921,0.6667
least_loaded_agent,224,7.131,1.118,8,4,0.9921,0.6667
least_loaded_agent,225,7.164,1.2247,8,4,0.989,0.6667
least_loaded_agent,226,7.167,1.2247,8,4,0.989,0.6667
least_loaded_agent,227,7.203,1.2686,8,4,0.9873,0.6667
least_loaded_agent,228,7.233,1.2686,8,4,0.9873,0.6667
least_loaded_agent,229,7.246,1.199,8,4,0.9848,0.6667
least_loaded_agent,230,7.345,1.5811,8,3,0.9598,0.6667
least_loaded_agent,231,7.371,1.4524,8,3,0.9713,0.6667
least_loaded_agent,232,7.396,1.4524,8,3,0.9713,0.6667
least_loaded_agent,233,7.431,1.8708,8,3,0.9394,0.6667
least_loaded_agent,234,7.469,1.9645,8,3,0.9339,0.7273
least_loaded_agent,235,7.59,1.8708,8,3,0.943,0.7273
least_loaded_agent,236,7.594,1.8329,8,3,0.9417,0.7273
least_loaded_agent,237,7.601,1.6394,8,4,0.9595,0.7273
least_loaded_agent,238,7.638,1.3919,8,4,0.973,0.7273
least_loaded_agent,239,7.704,1.1659,8,4,0.9822,0.6667
least_loaded_agent,240,7.798,1.0533,7,4,0.9876,0.6364
least_loaded_agent,241,7.829,1.1659,7,4,0.9893,0.6364
least_loaded_agent,242,7.841,1,7,4,0.9942,0.6364
least_loaded_agent,243,7.918,1.0533,7,4,0.9901,0.6364
least_loaded_agent,244,7.953,1.111,7,4,0.981,0.6364
least_loaded_agent,245,7.979,1,7,4,0.9863,0.5833
least_loaded_agent,246,7.986,0.9922,7,4,0.9912,0.5833
least_loaded_agent,247,8.048,1.317,7,3,0.9806,0.5833
least_loaded_agent,248,8.058,1.118,7,4,0.9892,0.5833
least_loaded_agent,249,8.082,1.111,7,4,0.9908,0.5833
least_loaded_agent,250,8.118,0.9682,7,4,0.9938,0.5833
least_loaded_agent,251,8.149,1.199,7,4,0.9834,0.5833
least_loaded_agent,252,8.153,1.0533,7,4,0.9938,0.5833
least_loaded_agent,253,8.157,1,7,4,0.9977,0.5833
least_loaded_agent,254,8.164,0.7806,7,5,0.9979,0.625
least_loaded_agent,255,8.189,0.8292,7,5,0.997,0.6364
least_loaded_agent,256,8.241,0.8292,7,5,0.997,0.6364
least_loaded_agent,257,8.269,0.8292,7,5,0.997,0.6364
least_loaded_agent,258,8.324,0.927,7,5,0.9884,0.6364
least_loaded_agent,259,8.392,0.7806,7,5,0.9946,0.6364
least_loaded_agent,260,8.399,0.8292,7,5,0.994,0.6364
least_loaded_agent,261,8.41,0.857,7,5,0.9969,0.6364
least_loaded_agent,262,8.411,0.866,7,5,0.9975,0.6364
least_loaded_agent,263,8.46,1.0897,7,4,0.9946,0.6364
least_loaded_agent,264,8.474,0.857,7,5,0.9969,0.6364
least_loaded_agent,265,8.508,0.8292,7,5,0.997,0.6364
least_loaded_agent,266,8.515,0.857,7,5,0.9969,0.6364
least_loaded_agent,267,8.529,0.9682,8,5,0.9919,0.6667
least_loaded_agent,268,8.535,1.0897,8,5,0.9889,0.6667
least_loaded_agent,269,8.667,1.3229,8,4,0.9719,0.6667
least_loaded_agent,270,8.712,1.1659,7,4,0.987,0.6364
least_loaded_agent,271,8.764,1.118,7,4,0.9911,0.6364
least_loaded_agent,272,8.768,1.0533,7,4,0.9874,0.6667
least_loaded_agent,273,8.791,1.0533,7,4,0.9874,0.6667
least_loaded_agent,274,8.843,1,7,4,0.9855,0.6667
least_loaded_agent,275,8.869,0.927,7,4,0.9841,0.6667
least_loaded_agent,276,8.877,0.866,7,4,0.9886,0.6667
least_loaded_agent,277,8.982,1.0897,7,4,0.9867,0.6364
least_loaded_agent,278,9.013,1.317,7,3,0.976,0.6364
least_loaded_agent,279,9.071,1.317,7,3,0.976,0.6364
least_loaded_agent,280,9.074,1.0897,7,4,0.9867,0.6364
least_loaded_agent,281,9.085,0.9682,7,4,0.9899,0.6364
least_loaded_agent,282,9.101,1.0533,7,4,0.9901,0.6364
least_loaded_agent,283,9.133,1.299,7,4,0.9764,0.6364
least_loaded_agent,284,9.143,1.2686,7,4,0.9713,0.6667
least_loaded_agent,285,9.152,1.4142,8,4,0.9677,0.6667
least_loaded_agent,286,9.205,1.5612,8,3,0.9482,0.6667
least_loaded_agent,287,9.211,1.691,8,3,0.9448,0.6667
least_loaded_agent,288,9.263,1.691,8,3,0.948,0.6667
least_loaded_agent,289,9.323,1.9325,8,3,0.9242,0.6667
least_loaded_agent,290,9.333,1.7854,8,3,0.9417,0.6667
least_loaded_agent,291,9.4,1.8666,8,2,0.9293,0.6667
least_loaded_agent,292,9.417,1.6583,8,3,0.9534,0.6667
least_loaded_agent,293,9.472,1.479,6,2,0.9326,0.5556
least_loaded_agent,294,9.53,1.3636,6,2,0.9383,0.5556
least_loaded_agent,295,9.55,1.0533,6,3,0.9653,0.5556
least_loaded_agent,296,9.551,0.866,6,4,0.9811,0.5556
least_loaded_agent,297,9.575,0.866,6,4,0.9811,0.5556
least_loaded_agent,298,9.626,0.927,6,4,0.9793,0.5556
least_loaded_agent,299,9.644,1.2686,7,3,0.968,0.5833
least_loaded_agent,300,9.769,1.2686,6,3,0.9576,0.5556
least_loaded_agent,301,9.876,1.2183,6,2,0.9388,0.5556
least_loaded_agent,302,9.88,1.118,6,2,0.9397,0.5556
least_loaded_agent,303,9.881,1.2183,6,2,0.9395,0.5556
least_loaded_agent,304,9.898,1.299,6,2,0.9362,0.5556
least_loaded_agent,305,9.898,1.0533,6,3,0.9612,0.5556
least_loaded_agent,306,9.924,0.6614,6,4,0.9796,0.5556
least_loaded_agent,307,9.931,0.7806,6,4,0.9798,0.5556
least_loaded_agent,308,9.974,0.7806,6,4,0.9798,0.5556
least_loaded_agent,309,9.98,0.7806,6,4,0.9798,0.5556
least_loaded_agent,310,9.984,0.866,6,4,0.9811,0.5556
least_loaded_agent,311,9.989,0.927,6,4,0.9793,0.5556
least_loaded_agent,312,9.997,0.8292,6,4,0.9871,0.5556
least_loaded_agent,313,10.028,0.8292,6,4,0.9958,0.5455
least_loaded_agent,314,10.089,0.857,6,4,0.9954,0.5455
least_loaded_agent,315,10.137,0.5995,6,4,0.9912,0.5455
least_loaded_agent,316,10.171,0.5995,6,4,0.9912,0.5455
least_loaded_agent,317,10.178,0.7071,6,4,0.9919,0.5455
least_loaded_agent,318,10.247,0.7806,6,4,0.9935,0.5455
least_loaded_agent,319,10.248,0.6614,6,4,0.9841,0.625
least_loaded_agent,320,10.282,0.8292,6,4,0.9958,0.5455
least_loaded_agent,321,10.34,1.0897,7,4,0.9837,0.5833
least_loaded_agent,322,10.356,0.9922,7,4,0.9839,0.5833
least_loaded_agent,323,10.362,0.866,7,4,0.9928,0.5833
least_loaded_agent,324,10.408,0.857,7,4,0.992,0.5833
least_loaded_agent,325,10.414,0.866,7,4,0.9928,0.5833
least_loaded_agent,326,10.465,0.696,6,4,0.9954,0.5556
least_loaded_agent,327,10.487,0.7071,6,4,0.9962,0.5556
least_loaded_agent,328,10.565,0.7806,6,4,0.9935,0.5455
least_loaded_agent,329,10.569,1.118,6,3,0.9725,0.5455
least_loaded_agent,330,10.571,1.0533,6,3,0.9708,0.5556
least_loaded_agent,331,10.586,1.199,7,3,0.9672,0.5833
least_loaded_agent,332,10.588,0.9922,7,4,0.9839,0.5833
least_loaded_agent,333,10.591,1.118,7,4,0.9818,0.5833
least_loaded_agent,334,10.608,0.9922,7,4,0.9912,0.5833
least_loaded_agent,335,10.613,0.9682,7,4,0.9938,0.5833
least_loaded_agent,336,10.727,1.0533,7,4,0.9938,0.5833
least_loaded_agent,337,10.765,0.866,7,4,0.9928,0.5833
least_loaded_agent,338,10.818,0.696,6,4,0.9879,0.625
least_loaded_agent,339,10.823,0.5,6,5,0.9895,0.625
least_loaded_agent,340,10.869,0.5,6,5,0.9895,0.625
least_loaded_agent,341,10.921,0.696,6,4,0.9879,0.625
least_loaded_agent,342,10.968,0.696,6,4,0.9802,0.625
least_loaded_agent,343,11.066,0.7806,6,4,0.9705,0.625
least_loaded_agent,344,11.08,0.7071,6,4,0.9773,0.625
least_loaded_agent,345,11.097,0.866,6,4,0.9909,0.5
least_loaded_agent,346,11.112,0.7806,6,4,0.9974,0.5
least_loaded_agent,347,11.187,1.118,6,3,0.9777,0.5455
least_loaded_agent,348,11.203,1.118,6,3,0.9777,0.5455
least_loaded_agent,349,11.218,0.927,6,4,0.9884,0.5455
least_loaded_agent,350,11.282,0.866,6,4,0.9867,0.5455
least_loaded_agent,351,11.287,0.7806,6,4,0.9935,0.5455
least_loaded_agent,352,11.291,0.6614,6,4,0.992,0.5556
least_loaded_agent,353,11.307,0.696,6,4,0.9954,0.5556
least_loaded_agent,354,11.355,0.7071,6,4,0.9962,0.5556
least_loaded_agent,355,11.412,0.7071,6,4,0.9962,0.5556
least_loaded_agent,356,11.454,0.7071,6,4,0.9962,0.5556
least_loaded_agent,357,11.473,0.4841,6,5,0.9918,0.625
least_loaded_agent,358,11.474,0.433,6,5,0.9947,0.625
least_loaded_agent,359,11.48,0.433,6,5,0.9947,0.625
least_loaded_agent,360,11.547,0.433,6,5,0.9947,0.625
least_loaded_agent,361,11.595,0.433,6,5,0.9947,0.625
least_loaded_agent,362,11.63,0.696,6,4,0.9954,0.5556
least_loaded_agent,363,11.638,0.866,7,4,0.9928,0.5833
least_loaded_agent,364,11.639,0.9922,7,4,0.9912,0.5833
least_loaded_agent,365,11.759,1.0533,7,4,0.981,0.5833
least_loaded_agent,366,11.786,0.9682,7,4,0.9886,0.5833
least_loaded_agent,367,11.791,0.857,7,4,0.9886,0.5833
least_loaded_agent,368,11.849,0.7806,6,4,0.9843,0.5556
least_loaded_agent,369,11.919,0.7806,6,4,0.9843,0.5556
least_loaded_agent,370,11.944,0.7806,6,4,0.9819,0.5556
least_loaded_agent,371,11.972,0.7806,6,4,0.9819,0.5556
least_loaded_agent,372,11.997,1.0533,7,4,0.9699,0.5833
least_loaded_agent,373,12.037,1.199,7,4,0.9664,0.5833
least_loaded_agent,374,12.043,1.317,7,4,0.9599,0.6364
least_loaded_agent,375,12.08,1.199,7,4,0.9664,0.5833
least_loaded_agent,376,12.091,1.111,7,4,0.9772,0.5833
least_loaded_agent,377,12.091,1.2247,7,4,0.9712,0.6364
least_loaded_agent,378,12.111,1.2183,7,4,0.9766,0.6364
least_loaded_agent,379,12.141,1.0897,7,4,0.9745,0.6364
least_loaded_agent,380,12.152,1.1659,7,4,0.9755,0.6364
least_loaded_agent,381,12.163,1,7,5,0.9866,0.6364
least_loaded_agent,382,12.191,0.866,7,5,0.9813,0.6667
least_loaded_agent,383,12.197,0.927,7,5,0.9836,0.6667
least_loaded_agent,384,12.235,0.866,7,5,0.9845,0.6667
least_loaded_agent,385,12.235,0.7806,7,5,0.9897,0.6667
least_loaded_agent,386,12.271,1,7,4,0.9977,0.5833
least_loaded_agent,387,12.348,1.0533,7,4,0.9957,0.6364
least_loaded_agent,388,12.383,0.8292,7,5,0.997,0.6364
least_loaded_agent,389,12.388,0.696,7,5,0.9954,0.6667
least_loaded_agent,390,12.546,0.696,7,5,0.9758,0.6667
least_loaded_agent,391,12.563,0.6614,7,5,0.982,0.6667
least_loaded_agent,392,12.566,0.7806,7,5,0.983,0.6667
least_loaded_agent,393,12.632,0.7806,7,5,0.983,0.6667
least_loaded_agent,394,12.679,1.0533,7,4,0.9733,0.6667
least_loaded_agent,395,12.696,1.118,7,4,0.972,0.6667
least_loaded_agent,396,12.744,0.927,7,5,0.9836,0.6667
least_loaded_agent,397,12.76,0.8292,7,5,0.9893,0.6667
least_loaded_agent,398,12.821,1.0897,8,5,0.9889,0.6667
least_loaded_agent,399,12.83,0.9922,8,5,0.9949,0.6667
least_loaded_agent,400,12.916,0.8292,7,5,0.9893,0.6667
least_loaded_agent,401,12.921,0.696,7,5,0.9954,0.6667
least_loaded_agent,402,13.097,0.6614,7,5,0.982,0.6667
least_loaded_agent,403,13.214,0.4841,6,5,0.979,0.6667
least_loaded_agent,404,13.224,0.433,6,5,0.9826,0.6667
least_loaded_agent,405,13.248,0.433,6,5,0.9826,0.6667
least_loaded_agent,406,13.277,0.6614,6,4,0.9904,0.6667
least_loaded_agent,407,13.321,0.8292,7,4,0.9845,0.6667
least_loaded_agent,408,13.326,0.7806,7,4,0.9908,0.6667
least_loaded_agent,409,13.357,0.7806,7,4,0.9908,0.6667
least_loaded_agent,410,13.359,0.5,7,5,0.9907,0.6667
least_loaded_agent,411,13.383,0.7806,7,5,0.9806,0.6667
least_loaded_agent,412,13.407,0.7071,7,5,0.9876,0.6667
least_loaded_agent,413,13.451,0.5995,7,5,0.9927,0.6667
least_loaded_agent,414,13.505,0.866,7,4,0.9919,0.6667
least_loaded_agent,415,13.517,0.927,7,4,0.9936,0.6667
least_loaded_agent,416,13.525,0.5995,7,5,0.9927,0.6667
least_loaded_agent,417,13.55,0.6614,7,5,0.9953,0.6667
least_loaded_agent,418,13.575,0.5995,7,5,0.9927,0.6667
least_loaded_agent,419,13.576,0.6614,7,5,0.9923,0.6667
least_loaded_agent,420,13.668,0.5995,7,5,0.9896,0.6667
least_loaded_agent,421,13.685,0.7071,7,5,0.9928,0.6364
least_loaded_agent,422,13.711,0.7806,7,5,0.9946,0.6364
least_loaded_agent,423,13.779,0.7071,7,5,0.9962,0.625
least_loaded_agent,424,13.784,0.7806,7,5,0.9946,0.6364
least_loaded_agent,425,13.796,0.7806,7,5,0.9946,0.6364
least_loaded_agent,426,13.822,0.8292,7,5,0.997,0.6364
least_loaded_agent,427,13.829,0.857,7,5,0.9969,0.6364
least_loaded_agent,428,13.863,0.866,7,5,0.9975,0.6364
least_loaded_agent,429,13.891,0.7806,7,5,0.9915,0.6364
least_loaded_agent,430,13.962,0.8292,7,4,0.987,0.6364
least_loaded_agent,431,13.969,0.8292,7,4,0.987,0.6364
least_loaded_agent,432,13.99,0.5995,7,5,0.9916,0.6364
least_loaded_agent,433,13.994,0.7071,7,5,0.9928,0.6364
least_loaded_agent,434,14.013,0.7806,7,5,0.9946,0.6364
least_loaded_agent,435,14.041,0.8292,7,5,0.997,0.6364
least_loaded_agent,436,14.11,0.7806,7,5,0.9845,0.6667
least_loaded_agent,437,14.12,0.7806,7,5,0.9866,0.6667
least_loaded_agent,438,14.137,0.7806,7,5,0.9866,0.6667
least_loaded_agent,439,14.137,0.6614,7,5,0.9923,0.6667
least_loaded_agent,440,14.152,0.696,7,5,0.9954,0.6667
least_loaded_agent,441,14.153,0.866,8,5,0.9943,0.6667
least_loaded_agent,442,14.155,0.857,8,5,0.9957,0.6667
least_loaded_agent,443,14.192,0.696,7,5,0.9926,0.6667
least_loaded_agent,444,14.201,0.7071,7,5,0.9963,0.6667
least_loaded_agent,445,14.245,0.7071,7,5,0.9963,0.6667
least_loaded_agent,446,14.247,0.857,8,5,0.9957,0.6667
least_loaded_agent,447,14.251,0.8292,8,5,0.9977,0.6667
least_loaded_agent,448,14.258,0.927,8,5,0.9983,0.6667
least_loaded_agent,449,14.293,0.9922,8,5,0.9968,0.6667
least_loaded_agent,450,14.33,1,8,5,0.9955,0.6667
least_loaded_agent,451,14.336,0.9922,8,5,0.9968,0.6667
least_loaded_agent,452,14.338,0.8292,8,5,0.9977,0.6667
least_loaded_agent,453,14.373,0.8292,8,5,0.9977,0.6667
least_loaded_agent,454,14.405,0.8292,8,5,0.9977,0.6667
least_loaded_agent,455,14.43,0.8292,8,5,0.9977,0.6667
least_loaded_agent,456,14.444,0.927,8,5,0.9983,0.6667
least_loaded_agent,457,14.533,1.0533,8,5,0.9963,0.6667
least_loaded_agent,458,14.58,1.118,8,5,0.9945,0.7273
least_loaded_agent,459,14.628,1.118,8,5,0.9893,0.75
least_loaded_agent,460,14.65,1,8,5,0.9941,0.75
least_loaded_agent,461,14.666,0.7806,8,6,0.9973,0.75
least_loaded_agent,462,14.768,0.7806,8,6,0.9946,0.75
least_loaded_agent,463,14.776,0.8292,8,6,0.9969,0.75
least_loaded_agent,464,14.816,0.7806,8,6,0.9973,0.75
least_loaded_agent,465,14.866,0.7806,8,6,0.9921,0.75
least_loaded_agent,466,14.914,0.8292,8,6,0.9892,0.75
least_loaded_agent,467,14.941,0.9922,8,5,0.9912,0.6667
least_loaded_agent,468,14.996,1.111,8,5,0.9948,0.6667
least_loaded_agent,469,15.073,1.0533,7,4,0.9957,0.6364
least_loaded_agent,470,15.095,0.8292,7,5,0.997,0.6364
least_loaded_agent,471,15.106,0.7806,7,5,0.9946,0.6364
least_loaded_agent,472,15.168,0.7071,7,5,0.9962,0.625
least_loaded_agent,473,15.214,0.7071,7,5,0.9962,0.625
least_loaded_agent,474,15.233,0.7806,7,5,0.9979,0.625
least_loaded_agent,475,15.239,1.0533,7,4,0.9957,0.6364
least_loaded_agent,476,15.296,1.0533,7,4,0.9957,0.6364
least_loaded_agent,477,15.326,0.9682,7,4,0.9928,0.6667
least_loaded_agent,478,15.347,1.111,8,4,0.9908,0.6667
least_loaded_agent,479,15.361,0.866,8,5,0.9943,0.6667
least_loaded_agent,480,15.451,0.8292,7,5,0.9893,0.6667
least_loaded_agent,481,15.466,0.696,7,5,0.9954,0.6667
least_loaded_agent,482,15.537,0.8292,7,5,0.9893,0.6667
least_loaded_agent,483,15.555,0.6614,7,5,0.9953,0.6667
least_loaded_agent,484,15.565,0.696,7,5,0.9954,0.6667
least_loaded_agent,485,15.613,0.8292,7,5,0.9893,0.6667
least_loaded_agent,486,15.614,0.9922,8,5,0.9877,0.6667
least_loaded_agent,487,15.629,0.866,8,5,0.9943,0.6667
least_loaded_agent,488,15.67,0.9682,8,5,0.9919,0.6667
least_loaded_agent,489,15.673,0.9922,8,5,0.992,0.6667
least_loaded_agent,490,15.674,0.866,8,5,0.9916,0.6667
least_loaded_agent,491,15.679,0.857,8,5,0.9932,0.6667
least_loaded_agent,492,15.701,0.857,8,5,0.9932,0.6667
least_loaded_agent,493,15.705,0.6614,8,6,0.9889,0.75
least_loaded_agent,494,15.728,0.7806,8,6,0.99,0.75
least_loaded_agent,495,15.75,0.866,8,6,0.9887,0.75
least_loaded_agent,496,15.821,0.866,8,6,0.9887,0.75
least_loaded_agent,497,15.844,1.0533,9,6,0.9869,0.75
least_loaded_agent,498,15.877,1.0897,9,6,0.9778,0.75
least_loaded_agent,499,15.884,1.299,9,5,0.982,0.75
least_loaded_agent,500,15.893,1.2686,9,5,0.9772,0.7778
